id,first_name,last_name,email,gender,city,country,job_title
1,Delia,Thomson,dthomson0@craigslist.org,Female,Shuangqiaoping,China,Project Manager
2,Peterus,Charles,pcharles1@tamu.edu,Male,Saint-Denis,Reunion,GIS Technical Architect
3,Beverlie,Ramshay,bramshay2@zimbio.com,Female,Detchino,Russia,Analog Circuit Design manager
4,Georgiana,Cardenosa,gcardenosa3@cpanel.net,Female,Kot Sultan,Pakistan,General Manager
5,Veronique,Botterell,vbotterell4@who.int,Male,Jermenovci,Serbia,Programmer I
6,Verine,Brookbank,vbrookbank5@blogspot.com,Female,Kuala Lumpur,Malaysia,Senior Sales Associate
7,Wandie,Wareham,wwareham6@ebay.com,Female,Genengan Kulon,Indonesia,Recruiter
8,Arielle,Stutte,astutte7@mozilla.org,Female,Trai Ngau,Vietnam,Recruiting Manager
9,Dwight,Bockmann,dbockmann8@eepurl.com,Female,Mizi,China,Structural Engineer
10,Cissiee,Barfitt,cbarfitt9@icio.us,Male,Huikou,China,Human Resources Manager
11,Moria,Van der Veldt,mvanderveldta@biblegateway.com,Female,Berlin,Germany,Accountant IV
12,Ortensia,Arnaudot,oarnaudotb@springer.com,Female,Aldeias de Cima,Portugal,Speech Pathologist
13,Mariska,D'Adda,mdaddac@qq.com,Male,Lyon,France,Account Representative I
14,Yasmeen,Atger,yatgerd@altervista.org,Male,Torez,Ukraine,Statistician IV
15,Seka,Brock,sbrocke@reference.com,Male,Neskaupstaður,Iceland,Recruiting Manager
16,Moises,Rowbottom,mrowbottomf@github.com,Female,Narita,Japan,Legal Assistant
17,Barrett,Gudger,bgudgerg@geocities.jp,Male,Lembur Tengah,Indonesia,Nurse Practicioner
18,Melloney,Whicher,mwhicherh@pbs.org,Female,Neresnytsya,Ukraine,Internal Auditor
19,Sadye,Maling,smalingi@who.int,Male,Zhaogezhuang,China,Director of Sales
20,Helenka,Durant,hdurantj@alexa.com,Male,Saint-Augustin-de-Desmaures,Canada,Sales Representative
21,Claudian,Adenot,cadenotk@wufoo.com,Male,Paris 17,France,Media Manager I
22,Juliet,Evelyn,jevelynl@timesonline.co.uk,Female,Pahing Jalatrang,Indonesia,Research Nurse
23,Allard,MacMillan,amacmillanm@canalblog.com,Male,Sioguí Arriba,Panama,Environmental Specialist
24,Helen,Bracegirdle,hbracegirdlen@aol.com,Male,Algés,Portugal,Assistant Professor
25,Hilliary,Corderoy,hcorderoyo@nasa.gov,Male,Douala,Cameroon,Engineer I
26,Valaree,De-Ville,vdevillep@vimeo.com,Female,Kosmach,Ukraine,VP Sales
27,Eddy,Voyce,evoyceq@bloglines.com,Male,Nijmegen,Netherlands,Actuary
28,Gavin,Tolchar,gtolcharr@quantcast.com,Male,Barwałd Średni,Poland,Business Systems Development Analyst
29,Neda,Theuff,ntheuffs@si.edu,Female,Dolní Dunajovice,Czech Republic,Accountant II
30,Guglielmo,Kyteley,gkyteleyt@prlog.org,Female,Mellieħa,Malta,VP Quality Control
31,Garwood,Haslock(e),ghaslockeu@chicagotribune.com,Female,San Francisco,Mexico,Civil Engineer
32,Paolina,Nangle,pnanglev@patch.com,Female,Fenghuang,China,Staff Accountant III
33,Brander,Cranstoun,bcranstounw@alexa.com,Male,Sendafa,Ethiopia,Health Coach IV
34,Tiertza,Kunkel,tkunkelx@technorati.com,Female,Lopez Jaena,Philippines,Assistant Professor
35,Lenore,Steer,lsteery@webmd.com,Male,Gaofeng,China,Technical Writer
36,Peyter,Lalonde,plalondez@sitemeter.com,Female,Hachiōji,Japan,Assistant Professor
37,Jillie,Svanetti,jsvanetti10@house.gov,Male,Chicago,United States,Quality Control Specialist
38,Dori,Cashmore,dcashmore11@mtv.com,Male,Jequitinhonha,Brazil,Biostatistician IV
39,Ash,Palmer,apalmer12@si.edu,Male,Alkmaar,Netherlands,Internal Auditor
40,Tobe,Winkett,twinkett13@fotki.com,Male,Laholm,Sweden,Senior Editor
41,Darcie,Bowart,dbowart14@cpanel.net,Female,Butare,Rwanda,Business Systems Development Analyst
42,Bernice,Caveney,bcaveney15@vkontakte.ru,Female,Bryan,United States,Physical Therapy Assistant
43,Manolo,Oleszczak,moleszczak16@blogger.com,Female,Ciguna,Indonesia,Technical Writer
44,Vasily,Dudhill,vdudhill17@simplemachines.org,Male,Onomichi,Japan,Developer II
45,Clair,Lucock,clucock18@moonfruit.com,Female,La Serena,Chile,Assistant Manager
46,Beilul,Kellough,bkellough19@paypal.com,Male,Log pri Brezovici,Slovenia,VP Accounting
47,Caralie,Minnis,cminnis1a@go.com,Male,Châteauroux,France,Engineer IV
48,Rickey,Forrington,rforrington1b@patch.com,Female,Vroutek,Czech Republic,Help Desk Technician
49,Kass,Mangenot,kmangenot1c@themeforest.net,Male,Vista Hermosa,Mexico,Software Consultant
50,Consolata,Surgenor,csurgenor1d@tiny.cc,Female,Darungan,Indonesia,Analyst Programmer
51,Nichols,MacDiarmond,nmacdiarmond1e@hhs.gov,Male,Macapá,Brazil,Payment Adjustment Coordinator
52,Correy,Samsonsen,csamsonsen1f@china.com.cn,Female,Santo Niño,Philippines,Engineer III
53,Frans,Hartness,fhartness1g@ox.ac.uk,Female,Michałów,Poland,Associate Professor
54,Brendon,Goeff,bgoeff1h@arstechnica.com,Male,Koygorodok,Russia,Desktop Support Technician
55,Purcell,Mantz,pmantz1i@dion.ne.jp,Female,Tiedonglu,China,Programmer I
56,Culver,Brims,cbrims1j@umn.edu,Male,Il’ya,Belarus,Project Manager
57,Meridith,Pideon,mpideon1k@baidu.com,Male,Alíartos,Greece,Quality Engineer
58,Linette,Pashba,lpashba1l@vinaora.com,Male,Aloja,Latvia,Geologist I
59,Cristiano,Preston,cpreston1m@acquirethisname.com,Male,Nova Russas,Brazil,Professor
60,Ephrem,Carlan,ecarlan1n@guardian.co.uk,Male,Vykhino-Zhulebino,Russia,Project Manager
61,Clemmy,Torpie,ctorpie1o@disqus.com,Male,Madrid,Spain,Environmental Tech
62,Bibbye,Philpotts,bphilpotts1p@facebook.com,Male,Xinglongjie,China,Actuary
63,Earvin,Pudsey,epudsey1q@liveinternet.ru,Male,Punaauia,French Polynesia,Assistant Media Planner
64,Forest,Pellingar,fpellingar1r@economist.com,Male,Laem Sing,Thailand,Nurse
65,Harriott,Nicklinson,hnicklinson1s@dedecms.com,Male,Panshi,China,Marketing Assistant
66,Lazare,Izard,lizard1t@unblog.fr,Female,Lagunillas,Venezuela,Paralegal
67,Charmian,Trahear,ctrahear1u@berkeley.edu,Female,Mirosławiec,Poland,Senior Quality Engineer
68,Eberto,Escolme,eescolme1v@cornell.edu,Male,Dachong,China,Director of Sales
69,Avery,Footer,afooter1w@npr.org,Male,Paokmotong Utara,Indonesia,Compensation Analyst
70,Isadore,Newlove,inewlove1x@google.es,Female,Xamtay,Laos,Information Systems Manager
71,Tabbitha,Dewes,tdewes1y@lulu.com,Male,Matalam,Philippines,Speech Pathologist
72,Keane,Brosh,kbrosh1z@wordpress.org,Female,Brampton,United Kingdom,Developer III
73,Cloe,Wildt,cwildt20@unc.edu,Female,Janagdong,Philippines,Statistician IV
74,Vernen,Betz,vbetz21@phpbb.com,Male,Ecilda Paullier,Uruguay,Assistant Manager
75,Cash,Mengo,cmengo22@goo.gl,Female,Greenville,United States,Actuary
76,Kiel,Libbe,klibbe23@bluehost.com,Male,Santa Rita,Brazil,Web Designer IV
77,Aldon,Deeth,adeeth24@1688.com,Male,Lab,China,Accountant III
78,Brigit,Greensides,bgreensides25@whitehouse.gov,Male,Nangka,Philippines,Dental Hygienist
79,Darin,Banfill,dbanfill26@va.gov,Male,Asaita,Ethiopia,Research Assistant I
80,Davie,Gentry,dgentry27@dedecms.com,Male,Igede-Ekiti,Nigeria,Community Outreach Specialist
81,Brandi,Trenbey,btrenbey28@zimbio.com,Female,Tanjung Timur,Indonesia,Electrical Engineer
82,Chaddie,Rand,crand29@europa.eu,Male,Paitan,Philippines,Compensation Analyst
83,Collete,Ashment,cashment2a@reference.com,Female,Tlogosadang,Indonesia,Programmer Analyst I
84,Sharia,Riches,sriches2b@ifeng.com,Female,Jbaïl,Lebanon,Compensation Analyst
85,Hadleigh,Neeves,hneeves2c@sogou.com,Male,Kroczyce,Poland,Senior Developer
86,Stevena,Lewington,slewington2d@house.gov,Male,Rosmalen,Netherlands,Graphic Designer
87,Guinna,Cowland,gcowland2e@google.co.jp,Male,Beit Horon,Israel,Human Resources Assistant III
88,Dale,Grimstead,dgrimstead2f@booking.com,Male,Boevange-sur-Attert,Luxembourg,Chemical Engineer
89,Clemmy,Bodesson,cbodesson2g@opera.com,Male,Chejiazhuang,China,Budget/Accounting Analyst I
90,Goober,Sposito,gsposito2h@hao123.com,Male,Berea,South Africa,Administrative Officer
91,Lynnett,Zavattiero,lzavattiero2i@boston.com,Male,Rafaḩ,Egypt,Cost Accountant
92,Jillane,Shout,jshout2j@state.tx.us,Female,Sokhumi,Georgia,Executive Secretary
93,Ninetta,Benedict,nbenedict2k@sogou.com,Female,Huwei,China,Project Manager
94,Thorstein,Crankhorn,tcrankhorn2l@a8.net,Female,Sedatigede,Indonesia,Civil Engineer
95,Valerie,Baldin,vbaldin2m@ameblo.jp,Male,Poteran,Indonesia,Marketing Manager
96,Bern,Baddoe,bbaddoe2n@opensource.org,Male,Maiwal,Indonesia,VP Quality Control
97,Ephrem,Landes,elandes2o@china.com.cn,Female,Sandakan,Malaysia,Database Administrator I
98,Hakeem,Brunelli,hbrunelli2p@seattletimes.com,Male,Shangbahe,China,Legal Assistant
99,Tootsie,Roja,troja2q@fda.gov,Male,Castleblayney,Ireland,Senior Developer
100,Milka,Noteyoung,mnoteyoung2r@ox.ac.uk,Male,Al Marsá,Tunisia,Business Systems Development Analyst
101,Fredek,Le Batteur,flebatteur2s@google.de,Female,Santana,Portugal,Recruiting Manager
102,Tabbatha,Pischel,tpischel2t@clickbank.net,Male,Langchuan,China,Developer III
103,Orlan,Dalloway,odalloway2u@admin.ch,Female,Ōkawa,Japan,Director of Sales
104,Mandie,Feige,mfeige2v@businesswire.com,Male,Ké-Macina,Mali,Food Chemist
105,Laurel,Swalough,lswalough2w@ebay.com,Female,Ciervo Petiso,Argentina,Nuclear Power Engineer
106,Abelard,Lackinton,alackinton2x@pcworld.com,Female,Xifengshan,China,Clinical Specialist
107,Terra,Hardinge,thardinge2y@soundcloud.com,Female,Sydney,Australia,Media Manager I
108,Lolly,Jeanes,ljeanes2z@domainmarket.com,Male,Leudelange,Luxembourg,Senior Financial Analyst
109,Kimberli,Seys,kseys30@cnet.com,Female,Mandeni,South Africa,GIS Technical Architect
110,Boothe,Artinstall,bartinstall31@mapquest.com,Female,Shawnee Mission,United States,Help Desk Operator
111,Bernelle,Hickinbottom,bhickinbottom32@xrea.com,Male,Sumberjati,Indonesia,Recruiting Manager
112,Marya,Newbigging,mnewbigging33@whitehouse.gov,Female,Upper San Mateo,Philippines,Product Engineer
113,Ezekiel,Josskoviz,ejosskoviz34@github.com,Female,Labuan,Malaysia,Compensation Analyst
114,Lottie,Brizland,lbrizland35@instagram.com,Male,Busia,Kenya,Account Representative IV
115,Kathye,Henlon,khenlon36@rakuten.co.jp,Female,Longquan,China,Senior Financial Analyst
116,Sumner,Haller,shaller37@reddit.com,Female,Pathum Thani,Thailand,Environmental Specialist
117,Seymour,Sisson,ssisson38@aboutads.info,Male,Xinshi,China,Data Coordiator
118,Arabel,Bedinn,abedinn39@tripadvisor.com,Male,Lubasz,Poland,Senior Sales Associate
119,Hatty,Pinnere,hpinnere3a@ezinearticles.com,Female,Curry,Philippines,Systems Administrator IV
120,Jewel,Keyse,jkeyse3b@comcast.net,Female,El Agua Dulcita,Honduras,Community Outreach Specialist
121,Isahella,Pothergill,ipothergill3c@engadget.com,Male,Eshan,China,Chemical Engineer
122,Jeffrey,Tincey,jtincey3d@apache.org,Male,Salsipuedes,Dominican Republic,Developer II
123,Chery,Buscher,cbuscher3e@hugedomains.com,Male,Concórdia,Brazil,Automation Specialist II
124,Mercie,Beckley,mbeckley3f@boston.com,Female,Kaeng Khro,Thailand,Teacher
125,Rozamond,Read,rread3g@xrea.com,Female,Yanjiang,China,Account Representative I
126,Benton,Clutterham,bclutterham3h@washingtonpost.com,Male,Jingtailu,China,Recruiter
127,Kat,Izard,kizard3i@purevolume.com,Female,Igreja,Portugal,Geologist IV
128,Sloane,Yter,syter3j@networkadvertising.org,Female,Burnaby,Canada,Research Associate
129,Liva,Moroney,lmoroney3k@berkeley.edu,Male,Ribafria,Portugal,Project Manager
130,Killy,Serot,kserot3l@cocolog-nifty.com,Female,Stockholm,Sweden,Account Coordinator
131,Panchito,Garside,pgarside3m@symantec.com,Female,Fukayachō,Japan,Mechanical Systems Engineer
132,Charleen,Gawthorp,cgawthorp3n@privacy.gov.au,Female,Kōnan,Japan,Dental Hygienist
133,Dniren,McNiff,dmcniff3o@blinklist.com,Male,Sandaohezi,China,Business Systems Development Analyst
134,Eddi,Leipelt,eleipelt3p@tmall.com,Female,Pekan,Malaysia,Recruiting Manager
135,Oliy,Ambrus,oambrus3q@msn.com,Female,Arauca,Colombia,Technical Writer
136,Candis,Poll,cpoll3r@eventbrite.com,Male,Wadi,China,Senior Editor
137,Zerk,Foggo,zfoggo3s@usnews.com,Female,Blansko,Czech Republic,Physical Therapy Assistant
138,Dorthy,Coleiro,dcoleiro3t@twitter.com,Male,Biao,Philippines,Marketing Manager
139,Currey,Wardlow,cwardlow3u@unc.edu,Female,Aozai,China,Project Manager
140,Elbertine,Gerish,egerish3v@istockphoto.com,Female,Magangué,Colombia,Operator
141,Bryn,Scruby,bscruby3w@storify.com,Female,Yanmenguan,China,Safety Technician II
142,Ev,Steynor,esteynor3x@prlog.org,Male,Balung,Indonesia,Database Administrator II
143,Karie,Hussell,khussell3y@google.com.au,Male,Siukh,Russia,Social Worker
144,Haley,Canny,hcanny3z@theglobeandmail.com,Male,Jenang Selatan,Indonesia,VP Marketing
145,Min,Cord,mcord40@bloglovin.com,Male,Straszydle,Poland,Software Test Engineer III
146,Bryana,Island,bisland41@freewebs.com,Female,Banjar Sebual,Indonesia,Research Associate
147,Mendy,Tomasi,mtomasi42@istockphoto.com,Female,Noling,Philippines,Mechanical Systems Engineer
148,Adeline,Kelwaybamber,akelwaybamber43@sbwire.com,Female,Karlstad,Sweden,Sales Representative
149,Jaquith,Greschke,jgreschke44@patch.com,Male,Mambi,Indonesia,Web Developer I
150,Corrine,Keningham,ckeningham45@oakley.com,Male,Glyadyanskoye,Russia,Data Coordiator
151,Davida,Benford,dbenford46@symantec.com,Male,Alvito de São Pedro,Portugal,Financial Advisor
152,Armstrong,Aleksich,aaleksich47@51.la,Male,Toledo,United States,Social Worker
153,Lizabeth,Hadcroft,lhadcroft48@amazon.com,Female,Aylmer,Canada,Nuclear Power Engineer
154,Bent,Ferier,bferier49@netvibes.com,Male,San Francisco,Colombia,Statistician IV
155,Hewet,Challinor,hchallinor4a@spiegel.de,Female,Gubo,China,Electrical Engineer
156,Lainey,Mosten,lmosten4b@wufoo.com,Female,Qingyuan,China,Programmer Analyst IV
157,Egbert,Werny,ewerny4c@nature.com,Male,Inderka,Russia,VP Quality Control
158,Desiree,Mugridge,dmugridge4d@sogou.com,Male,Anbyŏn-ŭp,North Korea,Environmental Tech
159,Pincus,Heindrick,pheindrick4e@linkedin.com,Female,Carleton-sur-Mer,Canada,Community Outreach Specialist
160,Turner,Yong,tyong4f@addtoany.com,Male,Lijiaxiang,China,Account Coordinator
161,Torrence,Cornner,tcornner4g@lulu.com,Male,Massaranduba,Brazil,Research Associate
162,Wynn,Gorghetto,wgorghetto4h@berkeley.edu,Female,Pargas,Finland,Accounting Assistant I
163,Sonnie,Crielly,scrielly4i@elegantthemes.com,Male,Yantianhe,China,Nuclear Power Engineer
164,Tilda,Flanaghan,tflanaghan4j@hc360.com,Female,Düsseldorf,Germany,Web Developer II
165,Wesley,Simonyi,wsimonyi4k@shinystat.com,Female,Ailigandí,Panama,Engineer III
166,Jaymie,Danilenko,jdanilenko4l@privacy.gov.au,Male,Wuyang,China,Business Systems Development Analyst
167,Rudolph,Wrighton,rwrighton4m@who.int,Male,Lindesberg,Sweden,Database Administrator I
168,Giacopo,Sloper,gsloper4n@cornell.edu,Male,Cikujang,Indonesia,Executive Secretary
169,Rina,Collens,rcollens4o@wiley.com,Male,Danderyd,Sweden,Electrical Engineer
170,Shelby,Aukland,saukland4p@clickbank.net,Male,Sayapullo,Peru,Marketing Assistant
171,Eva,Trebbett,etrebbett4q@amazonaws.com,Female,Sierpc,Poland,Senior Quality Engineer
172,Carlyle,Pridgeon,cpridgeon4r@ucoz.com,Male,Gostimë,Albania,Account Coordinator
173,Christalle,Beamiss,cbeamiss4s@blinklist.com,Female,Wengtian,China,Clinical Specialist
174,Alfons,Afonso,aafonso4t@tinyurl.com,Female,Jieshui,China,Senior Financial Analyst
175,Siegfried,Olennikov,solennikov4u@globo.com,Male,Vera,Argentina,Desktop Support Technician
176,Rhianna,Wands,rwands4v@washington.edu,Male,Grujugan,Indonesia,Community Outreach Specialist
177,Ingrid,McNish,imcnish4w@nytimes.com,Male,Calape,Philippines,Staff Accountant II
178,Lutero,Hovie,lhovie4x@aol.com,Female,Sete Cidades,Portugal,Structural Engineer
179,Cathy,Cicco,ccicco4y@slate.com,Female,Shixiang,China,Biostatistician I
180,Terrye,Castelow,tcastelow4z@yelp.com,Female,Serra Talhada,Brazil,Geological Engineer
181,Quinta,Tambling,qtambling50@github.io,Male,Masumbwe,Tanzania,Payment Adjustment Coordinator
182,Joanna,Patillo,jpatillo51@army.mil,Male,Ōno-hara,Japan,Systems Administrator II
183,Simeon,Cornilli,scornilli52@cpanel.net,Female,Zhujiapu,China,Systems Administrator II
184,Richmound,Napleton,rnapleton53@spotify.com,Male,Neftegorsk,Russia,Clinical Specialist
185,Annamaria,McComas,amccomas54@webnode.com,Female,Budapest,Hungary,Assistant Media Planner
186,Elena,Galia,egalia55@boston.com,Male,Neqāb,Iran,Computer Systems Analyst III
187,Vivien,Cartmell,vcartmell56@google.com.au,Female,Palopat,Indonesia,Community Outreach Specialist
188,Read,Zanni,rzanni57@symantec.com,Female,Niulanshan,China,Tax Accountant
189,Abbi,Murrhardt,amurrhardt58@com.com,Female,Donggang,China,Engineer IV
190,Jacky,Ranyard,jranyard59@jimdo.com,Female,Chahe,China,Compensation Analyst
191,Putnem,Fayerman,pfayerman5a@zimbio.com,Female,Cipadung Timur,Indonesia,Paralegal
192,Avivah,Brunning,abrunning5b@sfgate.com,Male,Lyon,France,Administrative Assistant I
193,Joelle,Kinneir,jkinneir5c@bloglovin.com,Male,Stockholm,Sweden,Account Coordinator
194,Sherie,Sallows,ssallows5d@businessweek.com,Female,Daba,China,Business Systems Development Analyst
195,Hyacinthia,Matignon,hmatignon5e@weather.com,Male,Messina,Italy,Research Assistant IV
196,Iain,Simants,isimants5f@aboutads.info,Female,Namballe,Peru,Recruiter
197,Elbert,Gregoire,egregoire5g@usatoday.com,Male,Lipiany,Poland,Nurse Practicioner
198,Burton,Randals,brandals5h@apache.org,Female,Pelem,Indonesia,Account Executive
199,Abbey,Daventry,adaventry5i@etsy.com,Female,Nové Strašecí,Czech Republic,Office Assistant II
200,Alyosha,Casarino,acasarino5j@flavors.me,Male,Buaran,Indonesia,Computer Systems Analyst II
201,Blinni,Fitch,bfitch5k@ning.com,Male,Bełżec,Poland,Automation Specialist IV
202,Sol,De Marchi,sdemarchi5l@theguardian.com,Male,Umbulan,Indonesia,Structural Analysis Engineer
203,Dahlia,Maro,dmaro5m@plala.or.jp,Male,Aveiro,Portugal,Associate Professor
204,Silvia,Bowerman,sbowerman5n@networksolutions.com,Male,Kalmar,Sweden,Executive Secretary
205,Cicely,Bicker,cbicker5o@studiopress.com,Male,Pale,Bosnia and Herzegovina,Editor
206,Bengt,Morican,bmorican5p@newsvine.com,Female,Tangjian,China,Structural Engineer
207,Bidget,Dawnay,bdawnay5q@addtoany.com,Male,Zhongshi,China,Research Nurse
208,Tricia,Maidens,tmaidens5r@tamu.edu,Male,Tanqiao,China,Associate Professor
209,Natalie,Hyrons,nhyrons5s@technorati.com,Male,Quán Hành,Vietnam,General Manager
210,Early,Murrie,emurrie5t@prlog.org,Female,San Rafael,Mexico,Nuclear Power Engineer
211,Cleopatra,Storch,cstorch5u@senate.gov,Male,Cisitu,Indonesia,Graphic Designer
212,Joleen,Lode,jlode5v@boston.com,Female,Malpique,Portugal,Administrative Officer
213,Flory,Iacovone,fiacovone5w@marriott.com,Female,Honglin,China,Programmer III
214,Larina,Siman,lsiman5x@cbc.ca,Male,Taoyuan,China,VP Sales
215,Tove,Blaxter,tblaxter5y@dmoz.org,Female,Şaḩneh,Iran,Budget/Accounting Analyst II
216,Zulema,Madge,zmadge5z@techcrunch.com,Female,Ippy,Central African Republic,Human Resources Manager
217,Eleanore,Kealy,ekealy60@desdev.cn,Male,Krajan,Indonesia,Design Engineer
218,Tandi,Ticksall,tticksall61@arstechnica.com,Female,Changning,China,Nurse Practicioner
219,Rebecca,Greenroa,rgreenroa62@nyu.edu,Female,Ribeira Grande,Cape Verde,Research Assistant III
220,Helsa,Mutter,hmutter63@dagondesign.com,Female,Sopla,Indonesia,Senior Editor
221,Janessa,Davidek,jdavidek64@wunderground.com,Male,Mooka,Japan,Tax Accountant
222,Debi,Diperaus,ddiperaus65@ucoz.ru,Male,Nadi,Fiji,Nuclear Power Engineer
223,Dallon,Larvent,dlarvent66@wisc.edu,Male,Nanfeng,China,Marketing Assistant
224,Caria,Everit,ceverit67@mac.com,Male,Lianzhou,China,Account Coordinator
225,Nona,Denisovich,ndenisovich68@hp.com,Female,Kissidougou,Guinea,Payment Adjustment Coordinator
226,Anallise,Petrovic,apetrovic69@hatena.ne.jp,Male,Ciparay,Indonesia,Nuclear Power Engineer
227,Rhea,Wherry,rwherry6a@discovery.com,Female,Luz de Tavira,Portugal,Safety Technician IV
228,Jonathan,Haggerston,jhaggerston6b@nhs.uk,Female,Zhifang,China,Mechanical Systems Engineer
229,Ruthanne,Gooddy,rgooddy6c@nasa.gov,Female,Belfast,South Africa,Account Representative III
230,Ashly,Cardenas,acardenas6d@ucoz.com,Male,Hanbin,China,Desktop Support Technician
231,Nathalia,Iwanowicz,niwanowicz6e@hibu.com,Female,Qazax,Azerbaijan,Recruiter
232,Marley,Arlow,marlow6f@typepad.com,Female,Guanban,China,GIS Technical Architect
233,Kurtis,Grene,kgrene6g@cloudflare.com,Female,Cheonan,South Korea,Environmental Specialist
234,Grantley,Becerro,gbecerro6h@netscape.com,Female,Almeria,Spain,Web Developer IV
235,Kerry,Mingasson,kmingasson6i@toplist.cz,Male,La Cuesta,Peru,Computer Systems Analyst I
236,Rhetta,Godspede,rgodspede6j@craigslist.org,Male,Jiyang,China,Senior Sales Associate
237,Sarah,McAmish,smcamish6k@discuz.net,Male,Kengkou,China,Analyst Programmer
238,Nikoletta,Cholonin,ncholonin6l@ed.gov,Female,Leme,Brazil,Social Worker
239,Beverly,McAvinchey,bmcavinchey6m@weibo.com,Female,Stockholm,Sweden,Speech Pathologist
240,Minne,Bosket,mbosket6n@seesaa.net,Female,Pingkai,China,Recruiter
241,Jemmie,Gapp,jgapp6o@hubpages.com,Female,Wintzenheim,France,Health Coach II
242,Bird,Livesey,blivesey6p@wix.com,Male,Curibaya,Peru,Administrative Assistant IV
243,Nickie,MacKenzie,nmackenzie6q@sitemeter.com,Female,Andong,South Korea,Tax Accountant
244,Wallas,Worland,wworland6r@java.com,Female,Poykovskiy,Russia,Research Assistant I
245,Wilie,Sybbe,wsybbe6s@feedburner.com,Female,Maralik,Armenia,Sales Associate
246,Bentley,Jurisch,bjurisch6t@nymag.com,Female,Jāmpur,Pakistan,VP Marketing
247,Zollie,Doles,zdoles6u@shop-pro.jp,Female,Hutang,China,Health Coach II
248,Harriett,Knox,hknox6v@ycombinator.com,Male,Mbandaka,Democratic Republic of the Congo,Occupational Therapist
249,Mendie,Bridges,mbridges6w@geocities.com,Male,Épernay,France,VP Accounting
250,Donn,Brimming,dbrimming6x@bloomberg.com,Male,Tentúgal,Portugal,Research Nurse
251,Celina,Siburn,csiburn6y@tinyurl.com,Male,Dazhipo,China,Dental Hygienist
252,Cale,Paladino,cpaladino6z@posterous.com,Female,Piancheng,China,Marketing Assistant
253,Reidar,Dikels,rdikels70@surveymonkey.com,Female,Tuodian,China,Chief Design Engineer
254,Nelson,Netley,nnetley71@nsw.gov.au,Male,Huangchi,China,Project Manager
255,Gradeigh,Attaway,gattaway72@ehow.com,Female,Tanahmerah,Indonesia,Senior Developer
256,Wenda,Center,wcenter73@ibm.com,Male,Ljungby,Sweden,Product Engineer
257,Isabelita,Siddall,isiddall74@pbs.org,Male,Baing,Indonesia,Research Assistant II
258,Jim,Lillie,jlillie75@ed.gov,Female,Susunan,Indonesia,Research Associate
259,Jessalyn,D'Antoni,jdantoni76@seattletimes.com,Male,Xianshui,China,VP Product Management
260,Coralyn,Aiton,caiton77@psu.edu,Male,Niterói,Brazil,Accounting Assistant II
261,Moreen,Lewsam,mlewsam78@goo.ne.jp,Male,Göteborg,Sweden,Junior Executive
262,Neda,Hannigane,nhannigane79@cnn.com,Male,Štěnovice,Czech Republic,Recruiter
263,Jennie,MacSporran,jmacsporran7a@histats.com,Female,Vila Nova de Gaia,Portugal,Nuclear Power Engineer
264,Hermine,Leall,hleall7b@goo.gl,Female,Yirga ‘Alem,Ethiopia,Accountant III
265,Frazer,Bleasby,fbleasby7c@freewebs.com,Female,Kadugannawa,Sri Lanka,Human Resources Manager
266,Desirae,Mitchinson,dmitchinson7d@theguardian.com,Female,Obolensk,Russia,Environmental Tech
267,Isobel,Sedger,isedger7e@bloglovin.com,Female,Konstantinovo,Russia,Business Systems Development Analyst
268,Lorrie,Dunbobin,ldunbobin7f@tiny.cc,Male,Palmira,Panama,Tax Accountant
269,Leslie,Bartlomieczak,lbartlomieczak7g@usgs.gov,Male,Shreveport,United States,Financial Advisor
270,Oralia,Sonner,osonner7h@buzzfeed.com,Male,Huyuan,China,VP Quality Control
271,Antonia,Pfeffel,apfeffel7i@google.com.hk,Male,Hengelo,Netherlands,Web Developer I
272,Ferrel,Klain,fklain7j@geocities.com,Male,Puubheto,Indonesia,Assistant Media Planner
273,Carmella,Drever,cdrever7k@wiley.com,Male,Ciénaga,Colombia,Human Resources Assistant III
274,Crawford,Pauly,cpauly7l@goo.gl,Female,Hukeng,China,Chief Design Engineer
275,Dennie,Witherington,dwitherington7m@redcross.org,Female,San Rafael Petzal,Guatemala,Financial Advisor
276,Horatio,Davidov,hdavidov7n@google.nl,Male,Yonglong,China,Analyst Programmer
277,Corene,Mullany,cmullany7o@google.pl,Female,Arkalyk,Kazakhstan,Research Nurse
278,Filmore,Emberson,femberson7p@archive.org,Female,Eskifjörður,Iceland,Web Developer I
279,Lannie,Souza,lsouza7q@elpais.com,Male,Huoshaoping,China,Tax Accountant
280,Carlita,Parnaby,cparnaby7r@salon.com,Female,Panxi,China,Research Assistant IV
281,Zackariah,Sesons,zsesons7s@psu.edu,Female,Paisha,China,Help Desk Operator
282,Jamima,McTavish,jmctavish7t@rakuten.co.jp,Male,Kakhovka,Ukraine,Analyst Programmer
283,Kingsly,Barthropp,kbarthropp7u@gravatar.com,Female,Notre-Dame-des-Prairies,Canada,Computer Systems Analyst I
284,Frasier,Sayse,fsayse7v@usa.gov,Male,Greeley,United States,Structural Engineer
285,Rowena,Satterlee,rsatterlee7w@constantcontact.com,Male,Ban Chang,Thailand,Project Manager
286,Fair,Kivits,fkivits7x@biblegateway.com,Female,Delgermörön,Mongolia,Human Resources Assistant II
287,Joseito,Moen,jmoen7y@miibeian.gov.cn,Male,Moch,Micronesia,Senior Editor
288,Sherwynd,Reihm,sreihm7z@cam.ac.uk,Female,Debre Sīna,Ethiopia,Financial Analyst
289,Deva,Allon,dallon80@github.com,Male,Zhoujiaba,China,Accountant I
290,Alverta,Holmyard,aholmyard81@harvard.edu,Female,Georgīevka,Kazakhstan,Senior Quality Engineer
291,Doe,Beament,dbeament82@huffingtonpost.com,Female,Luso,Portugal,Operator
292,Percy,Growy,pgrowy83@mlb.com,Female,Villa Florida,Paraguay,Registered Nurse
293,Kristine,Beller,kbeller84@uol.com.br,Female,Tatsunochō-tominaga,Japan,Actuary
294,Klemens,Taree,ktaree85@ucoz.com,Female,Erfurt,Germany,VP Quality Control
295,Shelley,Lapidus,slapidus86@artisteer.com,Male,Lawesigalagala Timur,Indonesia,Project Manager
296,Rickey,Skerme,rskerme87@hc360.com,Female,Emiliano Zapata,Mexico,Software Test Engineer IV
297,Bond,Duffit,bduffit88@yandex.ru,Male,Simajia,China,Financial Advisor
298,Rikki,Cowderay,rcowderay89@angelfire.com,Female,Périgny,France,Actuary
299,Glendon,Tourle,gtourle8a@hc360.com,Female,Épinal,France,Statistician I
300,Armand,Birdwhistle,abirdwhistle8b@nyu.edu,Female,Río Pico,Argentina,Account Executive
301,Conney,Azema,cazema8c@jiathis.com,Male,Ōarai,Japan,Occupational Therapist
302,Brian,Franschini,bfranschini8d@msu.edu,Female,Blagnac,France,Design Engineer
303,Helen,Matisse,hmatisse8e@nasa.gov,Male,Santo Antônio da Platina,Brazil,Senior Editor
304,Shirley,Fibbit,sfibbit8f@earthlink.net,Male,Little Rock,United States,Food Chemist
305,Regina,McKinstry,rmckinstry8g@ibm.com,Male,Arrepiado,Portugal,Help Desk Technician
306,Morena,Yarrell,myarrell8h@nba.com,Female,Pretana,Indonesia,Research Assistant III
307,Dar,Karadzas,dkaradzas8i@skype.com,Female,Ganjiang,China,Product Engineer
308,Kiley,Minithorpe,kminithorpe8j@wikimedia.org,Female,Xinbei,China,Food Chemist
309,Virgie,Overstone,voverstone8k@noaa.gov,Male,‘Arīshah,Syria,Quality Engineer
310,Blaine,Elster,belster8l@hibu.com,Female,Vinica,Croatia,Registered Nurse
311,Elaine,Marousek,emarousek8m@vinaora.com,Male,Itapé,Paraguay,Professor
312,Corbett,Bergstram,cbergstram8n@ucla.edu,Female,Pamiers,France,Desktop Support Technician
313,Haily,Redon,hredon8o@va.gov,Female,Ar Rumaythah,Iraq,Actuary
314,Barbaraanne,Ricardet,bricardet8p@netlog.com,Female,Longquan,China,Geological Engineer
315,Alysia,Yakovl,ayakovl8q@upenn.edu,Male,Melaka,Malaysia,Health Coach IV
316,Gardner,Willox,gwillox8r@scientificamerican.com,Male,Östersund,Sweden,Editor
317,Griswold,Roffe,groffe8s@berkeley.edu,Male,Ngurore,Nigeria,Health Coach IV
318,Fianna,Yuill,fyuill8t@economist.com,Male,Cockburn Town,Turks and Caicos Islands,Sales Representative
319,Tiffy,Hollingshead,thollingshead8u@ca.gov,Male,Épinal,France,Statistician I
320,Bruce,Traviss,btraviss8v@linkedin.com,Female,Esch-sur-Alzette,Luxembourg,Graphic Designer
321,Tabbie,Fuxman,tfuxman8w@auda.org.au,Female,Torrão,Portugal,Desktop Support Technician
322,Valle,Knok,vknok8x@blogspot.com,Female,Chichaoua,Morocco,Systems Administrator IV
323,Modestine,Buttel,mbuttel8y@tamu.edu,Male,Yinying,China,Administrative Officer
324,Kaiser,Gerleit,kgerleit8z@unicef.org,Male,El Llano,Honduras,Research Assistant III
325,Travis,Deuss,tdeuss90@wisc.edu,Male,Awka,Nigeria,Electrical Engineer
326,Cathrine,Redholes,credholes91@stumbleupon.com,Male,Krzyżowice,Poland,GIS Technical Architect
327,Donia,O'Shiels,doshiels92@netlog.com,Female,Shirokaya Rechka,Russia,Structural Engineer
328,Kin,Baake,kbaake93@bandcamp.com,Male,Xincheng Chengguanzhen,China,Chemical Engineer
329,My,Skaid,mskaid94@yelp.com,Female,Brańsk,Poland,Desktop Support Technician
330,Karlan,Malthouse,kmalthouse95@reverbnation.com,Female,Cisasak,Indonesia,Recruiter
331,Herbert,Bohills,hbohills96@discovery.com,Female,Yunmeng Chengguanzhen,China,Programmer Analyst II
332,Nikolai,Seviour,nseviour97@ask.com,Male,Khadan Khāk,Pakistan,Safety Technician II
333,Paulette,Stanmore,pstanmore98@wikispaces.com,Female,Rokietnica,Poland,Associate Professor
334,Else,Pateman,epateman99@nbcnews.com,Female,Villa Nueva,Honduras,Help Desk Operator
335,Kilian,Arnald,karnald9a@japanpost.jp,Male,Sernovodsk,Russia,Account Coordinator
336,Barret,Pauler,bpauler9b@cam.ac.uk,Male,Lynchburg,United States,Sales Representative
337,Fayre,Heckle,fheckle9c@hatena.ne.jp,Female,Santa Lucia,Philippines,Environmental Specialist
338,Roze,Sakins,rsakins9d@mozilla.com,Female,Meijiang,China,Research Associate
339,Lucais,Sybbe,lsybbe9e@mozilla.com,Male,Tuanjie,China,Computer Systems Analyst II
340,Forest,Gouldeby,fgouldeby9f@reverbnation.com,Female,Nova Varoš,Serbia,Geologist II
341,Zelda,Stopper,zstopper9g@wikispaces.com,Female,Yiqi,China,Research Nurse
342,Fey,Golley,fgolley9h@printfriendly.com,Male,Zuru,Nigeria,Product Engineer
343,Darda,Kennicott,dkennicott9i@twitpic.com,Male,Jiulong,China,Safety Technician II
344,Tallulah,Sharman,tsharman9j@netvibes.com,Male,Menzel Bourguiba,Tunisia,Executive Secretary
345,Prentiss,Alker,palker9k@pcworld.com,Male,Limoeiro do Norte,Brazil,Marketing Manager
346,Ernaline,Handyside,ehandyside9l@histats.com,Male,Talugtug,Philippines,Information Systems Manager
347,Carney,Tigner,ctigner9m@timesonline.co.uk,Male,Ntobo,Indonesia,Actuary
348,Becki,Sauvain,bsauvain9n@pen.io,Female,Kota Kinabalu,Malaysia,Safety Technician II
349,Jilly,Abeles,jabeles9o@example.com,Female,Huanggang,China,Internal Auditor
350,Rasia,Gagg,rgagg9p@i2i.jp,Female,Psygansu,Russia,Staff Accountant III
351,Igor,Ridpath,iridpath9q@webnode.com,Male,Skrwilno,Poland,Nuclear Power Engineer
352,Hunfredo,Van Der Weedenburg,hvanderweedenburg9r@seesaa.net,Male,Johanneshov,Sweden,Mechanical Systems Engineer
353,Agnesse,Whalebelly,awhalebelly9s@marketwatch.com,Female,Volzhskiy,Russia,Media Manager I
354,Hoyt,Castano,hcastano9t@shutterfly.com,Female,Jequié,Brazil,Financial Analyst
355,Marcelia,Gilbeart,mgilbeart9u@ocn.ne.jp,Female,Manding,Indonesia,Human Resources Assistant I
356,Uriah,Yeld,uyeld9v@is.gd,Male,Huambo,Peru,Environmental Tech
357,Will,Dowyer,wdowyer9w@fastcompany.com,Male,Myski,Russia,Executive Secretary
358,Izak,Giraudel,igiraudel9x@soundcloud.com,Male,Buzhakan,Armenia,Marketing Assistant
359,Irving,Wilkes,iwilkes9y@pbs.org,Male,Chashan,China,Software Consultant
360,Vasilis,Widdicombe,vwiddicombe9z@issuu.com,Male,Oslo,Norway,Marketing Manager
361,Nerissa,Guisot,nguisota0@fotki.com,Male,Tipo-Tipo,Philippines,Assistant Manager
362,Catrina,Benitez,cbeniteza1@oracle.com,Female,Codrington,Antigua and Barbuda,Occupational Therapist
363,Bonnee,Dutt,bdutta2@163.com,Female,Sulęcin,Poland,Human Resources Assistant III
364,Sile,Decayette,sdecayettea3@hc360.com,Female,Hotonj,Bosnia and Herzegovina,Safety Technician III
365,Sashenka,Caldaro,scaldaroa4@fda.gov,Male,Chegutu,Zimbabwe,Design Engineer
366,Oralia,Rupprecht,orupprechta5@dell.com,Male,Manuel Antonio Mesones Muro,Peru,Occupational Therapist
367,Phelia,Monni,pmonnia6@technorati.com,Male,Jianshe,China,Executive Secretary
368,Larine,Caherny,lcahernya7@eepurl.com,Female,Santo Rosario,Philippines,Assistant Manager
369,Moritz,Bagster,mbagstera8@chronoengine.com,Female,Quevedo,Ecuador,Quality Engineer
370,Malynda,Summerson,msummersona9@reuters.com,Male,Vybor,Russia,Pharmacist
371,Adey,Foyston,afoystonaa@ftc.gov,Female,Sidaharja,Indonesia,Systems Administrator III
372,Lexine,Vedenisov,lvedenisovab@digg.com,Female,Malaryta,Belarus,Senior Quality Engineer
373,Karolina,Merit,kmeritac@virginia.edu,Female,Obukhiv,Ukraine,Staff Scientist
374,Joey,Tassell,jtassellad@hexun.com,Female,Alīābad,Pakistan,Human Resources Manager
375,Chiarra,Kirdsch,ckirdschae@over-blog.com,Male,Burqah,Palestinian Territory,Community Outreach Specialist
376,Jerrome,Polin,jpolinaf@boston.com,Male,Cielmice,Poland,Assistant Media Planner
377,Chadd,Cunnow,ccunnowag@amazon.de,Female,Burgkirchen,Austria,Librarian
378,Alonso,Birtwell,abirtwellah@newyorker.com,Male,Bella Vista,Panama,Senior Editor
379,Kate,Noweak,knoweakai@slideshare.net,Female,Independencia,Mexico,Software Consultant
380,Kinsley,Ganforthe,kganfortheaj@com.com,Female,Municipio de Copacabana,Colombia,Budget/Accounting Analyst I
381,Penelope,Bellingham,pbellinghamak@prlog.org,Female,Ruoqiang,China,VP Quality Control
382,Ferdinande,Kleynen,fkleynenal@cloudflare.com,Male,Shuikou,China,General Manager
383,Odilia,Tran,otranam@pcworld.com,Female,Mzuzu,Malawi,VP Marketing
384,Darius,Fenelon,dfenelonan@hibu.com,Male,Sovetsk,Russia,Registered Nurse
385,Jaquenette,Entissle,jentissleao@fema.gov,Female,Sumqayıt,Azerbaijan,Payment Adjustment Coordinator
386,Jillayne,Terbeek,jterbeekap@amazon.co.jp,Male,Vahdat,Tajikistan,Help Desk Technician
387,Birgit,Wretham,bwrethamaq@accuweather.com,Female,Khadan Khāk,Pakistan,Financial Advisor
388,Cheri,Bushill,cbushillar@clickbank.net,Female,Kang-neung,South Korea,Internal Auditor
389,Crista,Brame,cbrameas@springer.com,Female,Zoumaping,China,Information Systems Manager
390,Kristien,Topping,ktoppingat@pinterest.com,Male,Tanudan,Philippines,Chemical Engineer
391,Reagen,Blaise,rblaiseau@newsvine.com,Female,Szelków,Poland,Account Executive
392,Leo,Galea,lgaleaav@topsy.com,Female,Yuping,China,Registered Nurse
393,Candide,Wardesworth,cwardesworthaw@friendfeed.com,Female,Cikandang,Indonesia,Internal Auditor
394,Sally,Spikeings,sspikeingsax@amazon.de,Female,Pasirtujuhpuluh,Indonesia,Recruiting Manager
395,Marcello,Gadie,mgadieay@blogspot.com,Female,Youzha,China,Financial Advisor
396,Roshelle,Shailer,rshaileraz@dot.gov,Male,Honghualiangzi,China,Structural Engineer
397,Inesita,Mose,imoseb0@cloudflare.com,Female,Itatuba,Brazil,Assistant Professor
398,Leyla,Perrone,lperroneb1@columbia.edu,Male,Végueta,Peru,Programmer Analyst II
399,Clarance,Farfoot,cfarfootb2@rakuten.co.jp,Male,Nakło nad Notecią,Poland,Media Manager IV
400,Diandra,Taree,dtareeb3@ft.com,Male,Sviblovo,Russia,Assistant Professor
401,Shaylah,Caves,scavesb4@devhub.com,Male,Buga,Mongolia,Business Systems Development Analyst
402,Rickert,Darbishire,rdarbishireb5@howstuffworks.com,Male,Berdyans’k,Ukraine,Nuclear Power Engineer
403,Robinette,Follin,rfollinb6@google.de,Male,Qā’en,Iran,Civil Engineer
404,Abbi,Andrelli,aandrellib7@rambler.ru,Male,Sidomulyo,Indonesia,Human Resources Assistant II
405,Kitty,Swindles,kswindlesb8@g.co,Female,Yangdian,China,Associate Professor
406,Denver,Bubbins,dbubbinsb9@dell.com,Male,Gaocang,China,Nurse Practicioner
407,Hadria,Ojeda,hojedaba@live.com,Female,Peyima,Sierra Leone,Human Resources Assistant I
408,Camille,Lauderdale,clauderdalebb@tuttocitta.it,Male,Cavinti,Philippines,Project Manager
409,Jammie,Klimkowski,jklimkowskibc@go.com,Male,Şaqānis,Tunisia,Recruiting Manager
410,Mile,Syplus,msyplusbd@fema.gov,Female,Fotolívos,Greece,Computer Systems Analyst I
411,Carleen,Rolles,crollesbe@multiply.com,Female,Joroinen,Finland,Research Nurse
412,Pepe,Becerra,pbecerrabf@wp.com,Male,Kawasaki,Japan,VP Quality Control
413,Lauryn,Fishpond,lfishpondbg@jugem.jp,Female,Musalerr,Armenia,Quality Control Specialist
414,Currie,Yegorkin,cyegorkinbh@techcrunch.com,Male,Kilju,North Korea,Civil Engineer
415,Ginnifer,Schooley,gschooleybi@ow.ly,Female,Buni Yadi,Nigeria,Compensation Analyst
416,Kipp,Lickess,klickessbj@lulu.com,Female,Pan-an,Philippines,Research Assistant IV
417,Andros,Dyton,adytonbk@economist.com,Male,Kuniran,Indonesia,Assistant Media Planner
418,Harlie,Adrien,hadrienbl@scientificamerican.com,Male,Linköping,Sweden,Environmental Tech
419,Gallard,Blevin,gblevinbm@slashdot.org,Male,Oslo,Norway,Pharmacist
420,Tyler,Patinkin,tpatinkinbn@nps.gov,Male,Liucheng,China,Geological Engineer
421,Vivian,Prescott,vprescottbo@360.cn,Female,Varkaus,Finland,Programmer II
422,Rab,Jaulmes,rjaulmesbp@businessinsider.com,Female,Mevo horon,Israel,Chemical Engineer
423,Carrie,Drage,cdragebq@ask.com,Male,Solok,Indonesia,Sales Associate
424,Alexa,Tarpey,atarpeybr@china.com.cn,Female,Dagar,China,Financial Analyst
425,Brittne,Cuerdale,bcuerdalebs@php.net,Male,Bharatpur,Nepal,Business Systems Development Analyst
426,Carver,Nenci,cnencibt@soup.io,Female,Liski,Russia,Electrical Engineer
427,Darb,Pepon,dpeponbu@aboutads.info,Male,Banfora,Burkina Faso,Clinical Specialist
428,Dollie,Matzke,dmatzkebv@homestead.com,Male,Mekarjaya,Indonesia,Office Assistant I
429,Rachel,Swinburne,rswinburnebw@t-online.de,Male,Bielawy,Poland,Analyst Programmer
430,Herminia,Senyard,hsenyardbx@xinhuanet.com,Female,Andrézieux-Bouthéon,France,Professor
431,Joye,Stainbridge,jstainbridgeby@ycombinator.com,Male,Smečno,Czech Republic,Computer Systems Analyst IV
432,Vaughn,Dickson,vdicksonbz@cam.ac.uk,Female,Luo’ao,China,Chief Design Engineer
433,Correy,Stirling,cstirlingc0@com.com,Female,Honghai,China,Account Coordinator
434,Madelon,Moodie,mmoodiec1@wix.com,Male,Kingston,Canada,Environmental Tech
435,Merrily,Ollivier,mollivierc2@howstuffworks.com,Male,Banjar Sembunggede,Indonesia,Operator
436,Penny,Gilhespy,pgilhespyc3@soundcloud.com,Male,Köyliö,Finland,Editor
437,Kenyon,Boncore,kboncorec4@guardian.co.uk,Female,Al Qardāḩah,Syria,Environmental Tech
438,Erik,Wewell,ewewellc5@ning.com,Female,Maluso,Philippines,Assistant Manager
439,Kelila,Tilne,ktilnec6@prweb.com,Male,Tuy Phước,Vietnam,Health Coach IV
440,Enos,Dundridge,edundridgec7@utexas.edu,Female,Simajia,China,Operator
441,Siobhan,Gooderidge,sgooderidgec8@xinhuanet.com,Male,Soutinho,Portugal,Software Engineer III
442,Rhona,Bohje,rbohjec9@biglobe.ne.jp,Male,Paraíso de Chabasquén,Venezuela,Research Assistant II
443,Tiphani,Castagneri,tcastagnerica@newyorker.com,Female,Kónitsa,Greece,Senior Developer
444,Shawnee,Revening,sreveningcb@usatoday.com,Male,Xichang,China,Desktop Support Technician
445,Alayne,McKernan,amckernancc@goo.ne.jp,Male,Laleng,Indonesia,Quality Engineer
446,Hyatt,Speeks,hspeekscd@sohu.com,Male,Lomma,Sweden,Database Administrator III
447,Grace,Durdle,gdurdlece@topsy.com,Female,Wanganui,New Zealand,Help Desk Technician
448,Sheba,Cluckie,scluckiecf@sphinn.com,Female,Lincoln,United States,Marketing Manager
449,August,Ploughwright,aploughwrightcg@fema.gov,Female,Ramiriquí,Colombia,Environmental Tech
450,Barrie,Kamenar,bkamenarch@live.com,Female,Pataruman,Indonesia,GIS Technical Architect
451,Tedman,Skudder,tskudderci@sciencedaily.com,Female,Shangchewan,China,Tax Accountant
452,Mickie,Capewell,mcapewellcj@accuweather.com,Female,Elena,Argentina,Senior Developer
453,Alain,Parnham,aparnhamck@shutterfly.com,Male,Zavidovo,Russia,Tax Accountant
454,Livvie,Tilte,ltiltecl@wikimedia.org,Female,Marabá,Brazil,Senior Editor
455,Terrie,Cominetti,tcominetticm@china.com.cn,Female,La Sebala du Mornag,Tunisia,Cost Accountant
456,Tiphanie,Tanman,ttanmancn@google.ru,Female,Kansas City,United States,Technical Writer
457,Glori,Hartropp,ghartroppco@cargocollective.com,Female,Banjar Kelodan,Indonesia,Programmer Analyst III
458,Ambrosi,Johnston,ajohnstoncp@telegraph.co.uk,Male,Mīr Bachah Kōṯ,Afghanistan,Environmental Specialist
459,Ignacio,Fitchett,ifitchettcq@de.vu,Male,Chenfangji,China,Quality Engineer
460,Carola,Cudworth,ccudworthcr@blogspot.com,Female,Avlónas,Greece,Professor
461,Nevsa,Darwen,ndarwencs@php.net,Male,San Rafael,Philippines,Structural Engineer
462,Bride,Jerrolt,bjerroltct@friendfeed.com,Male,Daja,Indonesia,Software Consultant
463,Graeme,Billingsly,gbillingslycu@japanpost.jp,Male,Baluk,Indonesia,Research Nurse
464,Vyky,Pollok,vpollokcv@hud.gov,Female,Makueni,Kenya,Structural Engineer
465,Rafael,Staniford,rstanifordcw@imgur.com,Male,Gambēla,Ethiopia,Information Systems Manager
466,Gard,Colaco,gcolacocx@cpanel.net,Female,Chama,Zambia,Nuclear Power Engineer
467,Zondra,Soda,zsodacy@wordpress.com,Female,Leppävirta,Finland,Dental Hygienist
468,Jaclyn,Rumble,jrumblecz@so-net.ne.jp,Female,Libertad,Philippines,Teacher
469,Marabel,Dureden,mduredend0@cam.ac.uk,Female,Redon,France,Assistant Manager
470,Cristen,Favell,cfavelld1@oracle.com,Female,Roldanillo,Colombia,Structural Analysis Engineer
471,Garrot,Rubrow,grubrowd2@mozilla.org,Female,Aracruz,Brazil,Statistician I
472,Terence,Becks,tbecksd3@opera.com,Female,Gombang,Indonesia,Accounting Assistant II
473,Karrah,Seargeant,kseargeantd4@moonfruit.com,Male,Khān Neshīn,Afghanistan,Administrative Officer
474,Ellswerth,Janew,ejanewd5@utexas.edu,Female,Velké Svatoňovice,Czech Republic,Internal Auditor
475,Hamish,Ekkel,hekkeld6@reverbnation.com,Male,Krujë,Albania,Chemical Engineer
476,Lorin,Londer,llonderd7@dion.ne.jp,Male,Mabuttal East,Philippines,Biostatistician III
477,Dalila,Garey,dgareyd8@sfgate.com,Male,Columbia,United States,Administrative Assistant IV
478,Reg,Servis,rservisd9@bigcartel.com,Male,Heshui,China,Environmental Tech
479,Trip,Fitzjohn,tfitzjohnda@sciencedaily.com,Male,Karangpapak,Indonesia,Occupational Therapist
480,Karen,Shawley,kshawleydb@auda.org.au,Male,Bi’r al ‘Abd,Egypt,Legal Assistant
481,Shandra,Warn,swarndc@virginia.edu,Female,Istres,France,Social Worker
482,Margery,Shrimpton,mshrimptondd@yahoo.com,Male,Batibati,Indonesia,Director of Sales
483,Romona,Prisley,rprisleyde@istockphoto.com,Male,Jeremi,Haiti,Senior Sales Associate
484,Baily,Benjafield,bbenjafielddf@phpbb.com,Female,Saxin,China,Executive Secretary
485,Debera,Clemmitt,dclemmittdg@nymag.com,Female,Saint Louis,United States,Professor
486,Carmelina,Khidr,ckhidrdh@yandex.ru,Male,Batobato,Philippines,General Manager
487,Sergeant,Ginnane,sginnanedi@friendfeed.com,Male,Xingyi,China,Web Developer IV
488,Abelard,Ferrie,aferriedj@fastcompany.com,Male,Náchod,Czech Republic,VP Sales
489,Malinda,Lanmeid,mlanmeiddk@prlog.org,Male,Palmasola,Venezuela,Software Consultant
490,Massimo,Chelnam,mchelnamdl@gov.uk,Female,Visim,Russia,Help Desk Operator
491,Phyllys,Backshell,pbackshelldm@hugedomains.com,Female,Sumurgeneng,Indonesia,Occupational Therapist
492,Jerry,Borris,jborrisdn@dmoz.org,Male,Mastaiciai,Lithuania,Structural Engineer
493,Cletis,Bonnick,cbonnickdo@wikipedia.org,Female,Villeneuve-la-Garenne,France,Operator
494,Guillaume,Joontjes,gjoontjesdp@nyu.edu,Female,Quisao,Philippines,Structural Analysis Engineer
495,Kathe,Dalligan,kdalligandq@soup.io,Female,Pasadena,United States,Assistant Media Planner
496,Norine,Claydon,nclaydondr@discuz.net,Female,Oenaik,Indonesia,Assistant Professor
497,Curry,Blaney,cblaneyds@wiley.com,Male,Rychwał,Poland,Data Coordiator
498,Lenee,Delves,ldelvesdt@icq.com,Male,Linköping,Sweden,Nurse
499,Nikki,Tebbett,ntebbettdu@virginia.edu,Male,Mobai,Sierra Leone,Marketing Assistant
500,Asa,Long,alongdv@sbwire.com,Female,Nanger,Indonesia,Registered Nurse
501,Helenka,Kinvan,hkinvandw@scientificamerican.com,Female,Tutem,Indonesia,Food Chemist
502,Ruthann,Crunkhurn,rcrunkhurndx@thetimes.co.uk,Male,Slavonice,Czech Republic,Programmer Analyst III
503,Matelda,Espine,mespinedy@pen.io,Female,Jiyang,China,Assistant Professor
504,Lynette,Eldred,leldreddz@mac.com,Female,Orléans,France,Senior Cost Accountant
505,Kipp,Fores,kforese0@istockphoto.com,Female,Ochër,Russia,Speech Pathologist
506,Maribelle,Baines,mbainese1@cbsnews.com,Male,Khulm,Afghanistan,Help Desk Operator
507,Felicle,Jacobsz,fjacobsze2@guardian.co.uk,Male,Marly,France,Geologist II
508,Babs,Leghorn,bleghorne3@prlog.org,Male,Atakpamé,Togo,Safety Technician I
509,Hartwell,Castell,hcastelle4@reddit.com,Female,Nandulehe,China,Staff Accountant III
510,Justis,Feather,jfeathere5@cafepress.com,Male,Mo I Rana,Norway,Environmental Specialist
511,Gilbertina,Hebron,ghebrone6@blog.com,Male,Somanda,Tanzania,Senior Cost Accountant
512,Koressa,Wombwell,kwombwelle7@shareasale.com,Male,Mayorga,Philippines,Business Systems Development Analyst
513,Lizzie,Spurdens,lspurdense8@edublogs.org,Male,Skärhamn,Sweden,Compensation Analyst
514,Clarisse,Kinnerk,ckinnerke9@alibaba.com,Female,Bungalaleng,Indonesia,Chemical Engineer
515,Elora,Kloska,ekloskaea@yahoo.com,Female,Travesía,Honduras,Assistant Manager
516,Sumner,Vanyushkin,svanyushkineb@constantcontact.com,Female,Menggala,Indonesia,Safety Technician I
517,Page,Syers,psyersec@opera.com,Male,Ostravice,Czech Republic,Structural Analysis Engineer
518,Mitch,Beville,mbevilleed@nasa.gov,Female,Harbour Breton,Canada,Occupational Therapist
519,Susi,Wooler,swooleree@tuttocitta.it,Female,Saramech,Armenia,Web Developer II
520,Rafaela,Hill,rhillef@google.ru,Male,Rushankou,China,Software Test Engineer IV
521,Frazer,Moreno,fmorenoeg@newyorker.com,Male,Tierra Blanca,Mexico,Clinical Specialist
522,Isaiah,Gimson,igimsoneh@soundcloud.com,Male,Punta Arenas,Chile,VP Product Management
523,Mellie,Merrilees,mmerrileesei@aol.com,Male,Horodyshche,Ukraine,Quality Control Specialist
524,Dorie,Flacknell,dflacknellej@comcast.net,Male,Åtvidaberg,Sweden,Systems Administrator I
525,Raimundo,Neames,rneamesek@histats.com,Female,Bondoufle,France,General Manager
526,Rosette,Purdie,rpurdieel@desdev.cn,Female,Senada,Morocco,Staff Accountant II
527,Timmie,Creavin,tcreavinem@netvibes.com,Male,Santa Cruz,Honduras,Research Nurse
528,Sheppard,Cordall,scordallen@pcworld.com,Male,Badu,China,Developer III
529,Herman,Reggiani,hreggianieo@ted.com,Female,Shawnee Mission,United States,Sales Representative
530,Rinaldo,Morby,rmorbyep@so-net.ne.jp,Female,El Socorro,Honduras,Product Engineer
531,Donovan,Clucas,dclucaseq@live.com,Female,Uromi,Nigeria,Database Administrator II
532,Morry,Mangenot,mmangenoter@wired.com,Female,Qal‘eh Ganj,Iran,Teacher
533,Hunfredo,Ker,hkeres@wiley.com,Male,Saint-Herblain,France,Cost Accountant
534,Mathilde,Ghiraldi,mghiraldiet@webeden.co.uk,Female,Kushiro,Japan,Accounting Assistant II
535,Emmet,Gerrad,egerradeu@huffingtonpost.com,Female,Tosontsengel,Mongolia,Payment Adjustment Coordinator
536,Octavius,Zanini,ozaniniev@so-net.ne.jp,Female,Seda,Lithuania,Human Resources Manager
537,Ban,Bramhall,bbramhallew@pinterest.com,Female,San Jose,Mexico,Structural Engineer
538,Lorry,Holligan,lholliganex@smugmug.com,Male,Uitenhage,South Africa,Compensation Analyst
539,Nelle,Booler,nboolerey@youtube.com,Male,Puerto Asís,Colombia,Financial Advisor
540,Florenza,Labbett,flabbettez@webeden.co.uk,Male,Xiaqiao,China,Junior Executive
541,Anderea,Tomlins,atomlinsf0@hibu.com,Male,Karlstad,Sweden,Geologist IV
542,Farrah,Stockle,fstocklef1@marketwatch.com,Female,Linares,Chile,Business Systems Development Analyst
543,Roda,McQuarter,rmcquarterf2@infoseek.co.jp,Female,Boneng,Indonesia,Occupational Therapist
544,Norma,Bordiss,nbordissf3@edublogs.org,Female,Arthur’s Town,Bahamas,Occupational Therapist
545,Dag,Gentiry,dgentiryf4@sbwire.com,Female,Harhorin,Mongolia,Chief Design Engineer
546,Thekla,Dicky,tdickyf5@mapquest.com,Female,Lagoa,Portugal,Automation Specialist I
547,Jeff,Eldredge,jeldredgef6@redcross.org,Female,Itanhaém,Brazil,Account Representative I
548,Oriana,Rowbottom,orowbottomf7@gmpg.org,Male,Tangchi,China,Financial Advisor
549,Grace,Kneel,gkneelf8@hhs.gov,Male,Wilmington,United States,Legal Assistant
550,Idalia,Starling,istarlingf9@netlog.com,Female,La Salud,Cuba,Marketing Assistant
551,Desmond,Dauney,ddauneyfa@msu.edu,Female,Abhar,Iran,Account Executive
552,Korrie,Doxsey,kdoxseyfb@wikimedia.org,Male,Évry,France,Operator
553,Stefanie,O'Dowling,sodowlingfc@wiley.com,Male,Sanok,Poland,Statistician III
554,Charlton,Wraight,cwraightfd@fotki.com,Male,Jianfeng,China,Registered Nurse
555,Mirella,Cicco,mciccofe@ucoz.com,Female,Dengfang,China,Financial Analyst
556,Laetitia,Rexworthy,lrexworthyff@dropbox.com,Male,Las Mesas,Venezuela,Environmental Tech
557,Reginald,Mees,rmeesfg@etsy.com,Female,Santiago de Chuco,Peru,Marketing Assistant
558,Chanda,Dalgleish,cdalgleishfh@google.com.br,Female,Tigpalay,Philippines,Research Associate
559,Baldwin,Whitmore,bwhitmorefi@merriam-webster.com,Female,General Levalle,Argentina,Geologist IV
560,Kippar,Cowdray,kcowdrayfj@tuttocitta.it,Male,Pojok,Indonesia,Assistant Media Planner
561,Korrie,Bartolozzi,kbartolozzifk@google.es,Male,Ledok,Indonesia,Professor
562,Adham,Caulcott,acaulcottfl@zdnet.com,Female,São Pedro do Estoril,Portugal,Staff Scientist
563,Jeannine,Pfaff,jpfafffm@java.com,Female,Sancha,China,VP Marketing
564,Tricia,Sill,tsillfn@constantcontact.com,Female,Las Flores,Mexico,Engineer I
565,Broderic,Sumner,bsumnerfo@ebay.com,Male,Uddevalla,Sweden,Chemical Engineer
566,Saidee,Mathieu,smathieufp@apple.com,Male,Melaka,Malaysia,Analyst Programmer
567,Freida,Vigne,fvignefq@adobe.com,Male,San José,Honduras,VP Sales
568,Kyrstin,Lumbers,klumbersfr@hud.gov,Male,Starobelokurikha,Russia,Executive Secretary
569,Anna-diane,De La Salle,adelasallefs@quantcast.com,Female,Maibu,Philippines,Speech Pathologist
570,Giff,Banham,gbanhamft@gnu.org,Male,Pyin Oo Lwin,Myanmar,Actuary
571,Isidore,Konerding,ikonerdingfu@wiley.com,Male,Panyindangan,Indonesia,Human Resources Manager
572,Jazmin,Bottleson,jbottlesonfv@netscape.com,Female,Cortes,Philippines,Occupational Therapist
573,Jocelyn,Corden,jcordenfw@rediff.com,Female,Văn Điển,Vietnam,Computer Systems Analyst II
574,Andriana,Carnow,acarnowfx@youtube.com,Female,Kuching,Malaysia,Speech Pathologist
575,Ewan,McFadin,emcfadinfy@abc.net.au,Male,Paujiles,Honduras,Professor
576,Stanislaus,Burrel,sburrelfz@dropbox.com,Female,Shiliting,China,Senior Cost Accountant
577,Danell,Derisly,dderislyg0@guardian.co.uk,Male,Diyarb Najm,Egypt,Staff Accountant II
578,Napoleon,Poppy,npoppyg1@barnesandnoble.com,Male,Sukamulya,Indonesia,Staff Scientist
579,Jameson,McVeighty,jmcveightyg2@ycombinator.com,Male,Farroupilha,Brazil,VP Quality Control
580,Clementia,Shoorbrooke,cshoorbrookeg3@barnesandnoble.com,Male,Xingyi,China,Actuary
581,Crichton,Petrussi,cpetrussig4@geocities.com,Male,Paris 14,France,Dental Hygienist
582,Caz,MacNeely,cmacneelyg5@rediff.com,Female,Shuangkou,China,Programmer IV
583,Saxe,Whicher,swhicherg6@amazonaws.com,Female,Tartu,Estonia,Environmental Tech
584,Doretta,Tubritt,dtubrittg7@behance.net,Female,Tivat,Montenegro,VP Quality Control
585,Amandie,Vawton,avawtong8@bandcamp.com,Male,Mendeleyevo,Russia,Nurse
586,Ray,Dysert,rdysertg9@hibu.com,Male,Manzë,Albania,Software Consultant
587,Karisa,McComiskie,kmccomiskiega@creativecommons.org,Male,Bełchatów,Poland,Account Coordinator
588,Rogerio,Francescozzi,rfrancescozzigb@craigslist.org,Female,Lianfa,China,Nurse Practicioner
589,Dorri,Clendennen,dclendennengc@rediff.com,Male,Fushun,China,Project Manager
590,Lauritz,Davidovici,ldavidovicigd@admin.ch,Male,Banjar Delodrurung,Indonesia,Statistician III
591,Becka,Daglish,bdaglishge@un.org,Male,Banjar Banyuning Barat,Indonesia,Help Desk Operator
592,Sib,Aldie,saldiegf@cargocollective.com,Male,Daqian,China,Librarian
593,Ellwood,Simonett,esimonettgg@spiegel.de,Male,Kuluran,Indonesia,Speech Pathologist
594,Amelita,Capener,acapenergh@goo.ne.jp,Female,Margamukti,Indonesia,Research Assistant I
595,Beatrisa,McCluin,bmccluingi@fda.gov,Male,Tbilisskaya,Russia,Project Manager
596,Shannon,Gemlbett,sgemlbettgj@creativecommons.org,Male,La Mesa,Panama,Nurse
597,Ardra,Cowle,acowlegk@vimeo.com,Female,Ifo,Nigeria,Director of Sales
598,Dee dee,Overbury,doverburygl@globo.com,Female,Melong,Cameroon,Paralegal
599,Milton,Demcak,mdemcakgm@vinaora.com,Female,Podu,China,Social Worker
600,Elwyn,Shawell,eshawellgn@mayoclinic.com,Male,Krajan Satu,Indonesia,Health Coach IV
601,Mason,Arnley,marnleygo@twitpic.com,Female,Monchegorsk,Russia,VP Sales
602,Datha,Lippi,dlippigp@sakura.ne.jp,Male,San Narciso,Philippines,Health Coach II
603,Dorthea,Buckhurst,dbuckhurstgq@mysql.com,Male,Heze,China,Administrative Officer
604,Allis,Cushelly,acushellygr@dmoz.org,Female,Makarov,Russia,Dental Hygienist
605,Gordan,Oret,goretgs@marriott.com,Male,Waru Selatan,Indonesia,Associate Professor
606,Tiffi,Bend,tbendgt@ustream.tv,Male,Geneng Tengah,Indonesia,Civil Engineer
607,Griz,Hassett,ghassettgu@drupal.org,Female,Jiangtou,China,Developer I
608,Cary,Meekings,cmeekingsgv@ocn.ne.jp,Female,Springfield,United States,Mechanical Systems Engineer
609,Isidora,McElane,imcelanegw@mtv.com,Male,Sacramento,United States,Electrical Engineer
610,Francesco,Priddy,fpriddygx@mashable.com,Male,Salamá,Honduras,Dental Hygienist
611,Luis,Cheale,lchealegy@nhs.uk,Male,Kristiansand S,Norway,Civil Engineer
612,Ward,Vibert,wvibertgz@irs.gov,Male,Xianzong,China,Senior Cost Accountant
613,Olwen,Ledamun,oledamunh0@opera.com,Female,Xingou,China,Media Manager III
614,Gillan,Stenett,gstenetth1@sphinn.com,Female,Xiashu,China,Payment Adjustment Coordinator
615,Herve,Seegar,hseegarh2@goo.gl,Male,Chengyang,China,Mechanical Systems Engineer
616,Armand,Sandlin,asandlinh3@wired.com,Female,Wuying,China,Human Resources Assistant III
617,Cloris,Shevell,cshevellh4@163.com,Male,Gewanē,Ethiopia,Engineer I
618,Freeland,Gribble,fgribbleh5@irs.gov,Female,Göteborg,Sweden,Office Assistant III
619,Kaine,Salack,ksalackh6@yahoo.com,Male,Mutengene,Cameroon,Editor
620,Viviana,Pantling,vpantlingh7@macromedia.com,Female,Patquía,Argentina,Human Resources Assistant III
621,Stearn,Burgott,sburgotth8@woothemes.com,Male,Liulin,China,Operator
622,Robinet,Everix,reverixh9@joomla.org,Male,Valdice,Czech Republic,Analog Circuit Design manager
623,Barrett,Conningham,bconninghamha@devhub.com,Female,Dibulla,Colombia,Senior Sales Associate
624,Tarrance,Minichillo,tminichillohb@army.mil,Male,Sabaneta,Venezuela,Analog Circuit Design manager
625,Darda,Teasdale-Markie,dteasdalemarkiehc@cbc.ca,Male,Yuli,Nigeria,Web Developer III
626,Eilis,Campa,ecampahd@macromedia.com,Male,Luleå,Sweden,Food Chemist
627,Kassie,Rayer,krayerhe@wiley.com,Female,Norrköping,Sweden,VP Accounting
628,Beverley,Weson,bwesonhf@geocities.jp,Female,Campos do Jordão,Brazil,Pharmacist
629,Nert,Stickney,nstickneyhg@microsoft.com,Male,Mesiméri,Greece,Project Manager
630,Aloise,Greensides,agreensideshh@ehow.com,Female,Alingsås,Sweden,Programmer II
631,Cate,Grinley,cgrinleyhi@google.es,Female,Krajan Sumberanget,Indonesia,Account Executive
632,North,Kinder,nkinderhj@cam.ac.uk,Female,Atalaia,Brazil,Business Systems Development Analyst
633,Jenifer,Pesic,jpesichk@cyberchimps.com,Female,Talawakele,Sri Lanka,Software Test Engineer IV
634,Jud,Ternouth,jternouthhl@tmall.com,Female,Ping’an,China,Environmental Tech
635,Etti,Hutchings,ehutchingshm@flavors.me,Female,Ust’-Kachka,Russia,Developer IV
636,Joya,Ducker,jduckerhn@shop-pro.jp,Female,Hod HaSharon,Israel,Senior Sales Associate
637,Orion,Rotlauf,orotlaufho@admin.ch,Female,São João dos Inhamuns,Brazil,Senior Quality Engineer
638,Emlen,Beeching,ebeechinghp@skype.com,Female,Metz,France,Payment Adjustment Coordinator
639,Zeke,Vedntyev,zvedntyevhq@cam.ac.uk,Male,Decatur,United States,VP Marketing
640,Debi,Channer,dchannerhr@imageshack.us,Female,Xinzheng,China,Occupational Therapist
641,Reece,Rainger,rraingerhs@mail.ru,Female,Hashtgerd,Iran,Software Engineer I
642,Dawna,Noye,dnoyeht@addtoany.com,Male,Olsztyn,Poland,Senior Cost Accountant
643,Had,Vaughton,hvaughtonhu@slashdot.org,Female,San Juan de Planes,Honduras,Senior Developer
644,Mercie,Caine,mcainehv@indiegogo.com,Female,Ábrego,Colombia,Chemical Engineer
645,Barney,Blonfield,bblonfieldhw@fema.gov,Male,Pyzdry,Poland,GIS Technical Architect
646,Ludwig,Juppe,ljuppehx@alibaba.com,Female,Baoshui,China,VP Sales
647,Cordelie,Stollenbeck,cstollenbeckhy@51.la,Male,Vale Boeiro,Portugal,VP Accounting
648,Gardie,Glencrosche,gglencroschehz@plala.or.jp,Male,Bressuire,France,Senior Quality Engineer
649,Alexis,Hannah,ahannahi0@dagondesign.com,Male,Megulung,Indonesia,Account Representative I
650,Jacinta,Lafrentz,jlafrentzi1@dedecms.com,Female,Danghara,Tajikistan,Assistant Professor
651,Ivy,O'Riordan,ioriordani2@ebay.co.uk,Male,Quinta da Queimada,Portugal,Help Desk Technician
652,Margalit,Ninnoli,mninnolii3@lycos.com,Male,Pora,Indonesia,Community Outreach Specialist
653,Trueman,Toping,ttopingi4@homestead.com,Female,Yangjia,China,General Manager
654,Gabrila,Gunby,ggunbyi5@wix.com,Female,Heka,China,Budget/Accounting Analyst III
655,Cobbie,Ballard,cballardi6@angelfire.com,Male,Mchinji,Malawi,Financial Advisor
656,Isidoro,Endricci,iendriccii7@netvibes.com,Male,Mosquée,Morocco,Actuary
657,Valene,Corter,vcorteri8@go.com,Male,Victoria,Canada,Sales Representative
658,Edgard,Brierley,ebrierleyi9@dyndns.org,Male,San Fernando del Valle de Catamarca,Argentina,Health Coach II
659,Hieronymus,Janodet,hjanodetia@prweb.com,Female,Tuamese,Indonesia,Financial Advisor
660,Rudolfo,Beeck,rbeeckib@earthlink.net,Male,Bromma,Sweden,Community Outreach Specialist
661,Pris,Sergant,psergantic@europa.eu,Female,Lawrenceville,United States,Budget/Accounting Analyst II
662,Sollie,Bratley,sbratleyid@biblegateway.com,Male,Retorta,Portugal,Financial Analyst
663,Shawna,Pilsbury,spilsburyie@usa.gov,Female,Pleasant Point,New Zealand,Administrative Assistant I
664,Colline,Robilliard,crobilliardif@ucoz.ru,Male,Baishui,China,Assistant Media Planner
665,Albert,Mowsley,amowsleyig@bbc.co.uk,Female,Padangulaktanding,Indonesia,Financial Analyst
666,Loraine,Bulleyn,lbulleynih@amazon.com,Female,Itzer,Morocco,Tax Accountant
667,Laurie,Benoi,lbenoiii@washington.edu,Male,Huolongmen,China,Account Coordinator
668,Anallise,Alder,aalderij@narod.ru,Male,Yiliu,China,Physical Therapy Assistant
669,Melli,Poulney,mpoulneyik@diigo.com,Male,Tukbur,Indonesia,VP Sales
670,Vaclav,Layfield,vlayfieldil@google.es,Male,Temandangjero,Indonesia,Accounting Assistant III
671,Priscilla,Wibberley,pwibberleyim@theguardian.com,Male,Pewel Wielka,Poland,Biostatistician IV
672,Celine,Dormon,cdormonin@networksolutions.com,Female,Kapyl’,Belarus,Compensation Analyst
673,Carver,Iacovo,ciacovoio@upenn.edu,Female,Mathba,Bangladesh,Environmental Specialist
674,Win,Cavendish,wcavendiship@dedecms.com,Female,Ciulu,Indonesia,VP Accounting
675,Yolanda,Bausor,ybausoriq@google.es,Male,Nazareth,Israel,Health Coach II
676,Angy,Gheerhaert,agheerhaertir@fda.gov,Female,Baru,Indonesia,Community Outreach Specialist
677,Thorsten,Peyntue,tpeyntueis@angelfire.com,Female,Pirassununga,Brazil,Programmer Analyst I
678,Rebekah,Gotch,rgotchit@ycombinator.com,Male,Tozeur,Tunisia,Statistician IV
679,Rafaello,Gherardini,rgherardiniiu@usgs.gov,Female,Vladimir,Russia,Health Coach III
680,Eugenius,Lyddiard,elyddiardiv@mlb.com,Male,Hamm,Germany,Electrical Engineer
681,Henri,Pechard,hpechardiw@netlog.com,Male,Indaiatuba,Brazil,Senior Editor
682,Judie,Osorio,josorioix@auda.org.au,Female,Sobinka,Russia,VP Marketing
683,Vivyan,Mosedall,vmosedalliy@addtoany.com,Female,Dayr Sāmit,Palestinian Territory,Mechanical Systems Engineer
684,Alano,Marchello,amarchelloiz@cisco.com,Female,Daniëlskuil,South Africa,Recruiting Manager
685,Linnea,Jayume,ljayumej0@nhs.uk,Male,La Unión,Colombia,Web Designer IV
686,Ban,Doll,bdollj1@wired.com,Female,Karakol,Kyrgyzstan,Desktop Support Technician
687,Katti,Grono,kgronoj2@businesswire.com,Male,Uzgen,Kyrgyzstan,Professor
688,Zebadiah,Gogerty,zgogertyj3@google.com.au,Male,Älvdalen,Sweden,Account Coordinator
689,Tove,Popov,tpopovj4@nasa.gov,Female,Tārūt,Saudi Arabia,Registered Nurse
690,Kalli,MacRannell,kmacrannellj5@naver.com,Female,Montauban,France,Administrative Assistant I
691,Sioux,Arends,sarendsj6@merriam-webster.com,Male,Dulangan,Philippines,Marketing Manager
692,Lexy,Timbrell,ltimbrellj7@arstechnica.com,Female,Niños Heroes,Mexico,Technical Writer
693,Field,Massard,fmassardj8@mozilla.com,Male,Kosan,North Korea,Registered Nurse
694,Gabbey,Draude,gdraudej9@example.com,Female,Jobabo,Cuba,Product Engineer
695,Ben,Aleksandrev,baleksandrevja@yolasite.com,Female,Wakaseko,Indonesia,Cost Accountant
696,Eddy,Putman,eputmanjb@imdb.com,Male,Las Lajas,Argentina,Geological Engineer
697,Red,Good,rgoodjc@furl.net,Female,Rabak,Sudan,Data Coordiator
698,Rosamund,Alessandrini,ralessandrinijd@woothemes.com,Male,Cicurug,Indonesia,Nuclear Power Engineer
699,Mort,Sworne,msworneje@wsj.com,Male,Reserva,Brazil,Environmental Tech
700,Jeffry,Treppas,jtreppasjf@aol.com,Female,Kauit,Philippines,Assistant Professor
701,Joyous,Aleksashin,jaleksashinjg@photobucket.com,Female,Maracha,Uganda,Project Manager
702,Delora,Bridgewood,dbridgewoodjh@forbes.com,Female,San Vicente,Costa Rica,Environmental Specialist
703,Ciel,Readett,creadettji@dropbox.com,Female,Vlycháda,Greece,Quality Control Specialist
704,Darbie,Garlant,dgarlantjj@slashdot.org,Male,Garhi Yāsīn,Pakistan,Software Test Engineer III
705,Rori,Schimoni,rschimonijk@joomla.org,Male,Martensville,Canada,Engineer II
706,Evelyn,Marin,emarinjl@fda.gov,Female,Luyang,China,Quality Control Specialist
707,Nissa,Burfoot,nburfootjm@examiner.com,Male,Araouane,Mali,Administrative Assistant IV
708,Deane,Langton,dlangtonjn@npr.org,Male,Nong Ruea,Thailand,Sales Representative
709,Bren,Grichukhanov,bgrichukhanovjo@omniture.com,Male,Tangalla,Sri Lanka,GIS Technical Architect
710,Aylmer,Olivetti,aolivettijp@devhub.com,Female,San Pedro,Argentina,Senior Editor
711,Elie,Goodhand,egoodhandjq@godaddy.com,Female,Tsetsegnuur,Mongolia,Human Resources Manager
712,Corrine,Cowern,ccowernjr@topsy.com,Female,Xin Bulag,China,Senior Quality Engineer
713,Berny,Gronaver,bgronaverjs@quantcast.com,Male,Beijós,Portugal,Quality Engineer
714,Eliot,Rushmere,erushmerejt@cdc.gov,Male,Kedungasem,Indonesia,Director of Sales
715,Mervin,Luard,mluardju@scribd.com,Male,Dawu Chengguanzhen,China,Chemical Engineer
716,Andie,Linklater,alinklaterjv@ning.com,Female,Yanqi,China,Nurse Practicioner
717,Jolene,Viner,jvinerjw@i2i.jp,Male,Innisfil,Canada,Teacher
718,Starr,Eisak,seisakjx@addthis.com,Male,Loangmaka,Indonesia,Operator
719,Karia,Philbrook,kphilbrookjy@blinklist.com,Male,Al Maşdūr,Tunisia,Director of Sales
720,Irwin,Seally,iseallyjz@is.gd,Male,Kulautuva,Lithuania,Nuclear Power Engineer
721,Verla,Treswell,vtreswellk0@odnoklassniki.ru,Female,Dashuipo,China,Chief Design Engineer
722,Mattie,Pallas,mpallask1@army.mil,Female,Brondong,Indonesia,Structural Engineer
723,Daniella,Trevino,dtrevinok2@eepurl.com,Male,Pinhal General,Portugal,Geological Engineer
724,Cinderella,Fuxman,cfuxmank3@networkadvertising.org,Male,Peteranec,Croatia,Environmental Specialist
725,Tally,Lenihan,tlenihank4@archive.org,Male,Praia da Vagueira,Portugal,VP Accounting
726,Julietta,Snazel,jsnazelk5@admin.ch,Female,Fradelos,Portugal,Help Desk Technician
727,Ailbert,Brackpool,abrackpoolk6@businesswire.com,Male,Wates,Indonesia,Research Nurse
728,Emalia,Hurlin,ehurlink7@harvard.edu,Male,Tanagara,Indonesia,Budget/Accounting Analyst II
729,Winifred,Corish,wcorishk8@flickr.com,Female,Cruz das Almas,Brazil,VP Quality Control
730,Kelcy,Ellul,kellulk9@devhub.com,Male,Stockholm,Sweden,General Manager
731,Misty,Andrieu,mandrieuka@furl.net,Female,Ustyuzhna,Russia,Teacher
732,Kerri,Crooks,kcrookskb@parallels.com,Male,Pawa,Philippines,Community Outreach Specialist
733,Haleigh,Mingardi,hmingardikc@sourceforge.net,Male,Gwio Kura,Nigeria,Product Engineer
734,Godard,MacGowan,gmacgowankd@fastcompany.com,Male,Pontivy,France,Staff Accountant I
735,Obadiah,Saffen,osaffenke@t.co,Male,Ilaya,Philippines,Staff Scientist
736,Annalee,Sterland,asterlandkf@businesswire.com,Male,Cañas,Costa Rica,Human Resources Manager
737,Cleo,Scantleberry,cscantleberrykg@nydailynews.com,Female,Budapest,Hungary,Mechanical Systems Engineer
738,Amalie,Beacroft,abeacroftkh@wisc.edu,Male,Ilandža,Serbia,Associate Professor
739,Fidela,Arundell,farundellki@kickstarter.com,Male,Tiancheng,China,Actuary
740,Aridatha,Kembry,akembrykj@mayoclinic.com,Male,Eastern Suburbs Mc,Australia,Budget/Accounting Analyst III
741,Arlena,Troillet,atroilletkk@blogs.com,Female,Lüfeng,China,Human Resources Assistant IV
742,Tuckie,Thandi,tthandikl@purevolume.com,Female,Lindavista,Mexico,General Manager
743,Nikkie,Yurinov,nyurinovkm@desdev.cn,Male,Tlogosadang,Indonesia,Registered Nurse
744,Benyamin,Gai,bgaikn@people.com.cn,Male,Radzanów,Poland,Marketing Manager
745,Frederik,Keuntje,fkeuntjeko@weather.com,Male,Marco de Canaveses,Portugal,Programmer III
746,Lorant,Parzis,lparziskp@deviantart.com,Female,Muquiyauyo,Peru,Project Manager
747,Priscella,Di Meo,pdimeokq@bing.com,Female,Ferbane,Ireland,Senior Sales Associate
748,Verne,Bigglestone,vbigglestonekr@posterous.com,Male,Sankt Lorenzen im Mürztal,Austria,Civil Engineer
749,Verena,Braferton,vbrafertonks@histats.com,Male,Saint Aubin,Mauritius,Civil Engineer
750,Gina,Papierz,gpapierzkt@goodreads.com,Female,Quimper,France,Help Desk Technician
751,Ruth,Treher,rtreherku@dion.ne.jp,Male,Bajo Pichanaqui,Peru,Software Engineer III
752,Alyosha,Krale,akralekv@technorati.com,Male,Adstock,Canada,Registered Nurse
753,Eba,Croizier,ecroizierkw@topsy.com,Female,Lat Yao,Thailand,Director of Sales
754,Moses,Wellsman,mwellsmankx@ezinearticles.com,Male,Molepolole,Botswana,Environmental Tech
755,Ronnie,Danieli,rdanieliky@cbsnews.com,Male,San Jose,Mexico,Internal Auditor
756,Ferrel,Alston,falstonkz@diigo.com,Male,Cognac,France,Financial Advisor
757,Adrianna,Spatig,aspatigl0@pinterest.com,Female,Ressano Garcia,Mozambique,VP Product Management
758,Benny,Jeannin,bjeanninl1@github.com,Male,Songmuping,China,VP Product Management
759,Livvy,Cody,lcodyl2@cornell.edu,Male,Qianjin,China,Financial Advisor
760,Hayley,Lundbeck,hlundbeckl3@patch.com,Male,Bangkok,Thailand,Engineer II
761,Link,Dayer,ldayerl4@wix.com,Female,Beselga,Portugal,Business Systems Development Analyst
762,Leanora,Tolmie,ltolmiel5@zdnet.com,Female,Shah Alam,Malaysia,Marketing Assistant
763,Aldis,Yukhov,ayukhovl6@wufoo.com,Male,Māwiyah,Yemen,Quality Engineer
764,Natasha,Hiland,nhilandl7@google.co.jp,Male,Sungaigerong,Indonesia,Data Coordiator
765,Tawsha,Ferriday,tferridayl8@mit.edu,Male,Melikkrajan,Indonesia,Environmental Specialist
766,Nolan,Earthfield,nearthfieldl9@dailymail.co.uk,Female,Öldziyt,Mongolia,Structural Engineer
767,Rolland,Habbon,rhabbonla@blog.com,Female,Lugo,Philippines,Clinical Specialist
768,Peadar,Carass,pcarasslb@addthis.com,Female,Shah Alam,Malaysia,Web Designer III
769,Drake,Tzar,dtzarlc@springer.com,Female,Göteborg,Sweden,Media Manager IV
770,Marvin,Burford,mburfordld@google.ru,Male,Tučepi,Croatia,Research Nurse
771,Emanuel,Aire,eairele@nhs.uk,Female,Manacapuru,Brazil,Biostatistician I
772,Consuelo,Gilphillan,cgilphillanlf@barnesandnoble.com,Female,Taraju,Indonesia,Speech Pathologist
773,Martita,Cordeau,mcordeaulg@ucla.edu,Female,Gushikawa,Japan,Actuary
774,Deanne,Loveday,dlovedaylh@hostgator.com,Male,Verbilki,Russia,Occupational Therapist
775,Morgun,Penddreth,mpenddrethli@altervista.org,Male,Sufang,China,Assistant Media Planner
776,Carmine,Woolston,cwoolstonlj@miitbeian.gov.cn,Female,Smečno,Czech Republic,Human Resources Manager
777,Evie,Tutsell,etutselllk@samsung.com,Female,Chemin Grenier,Mauritius,Engineer III
778,Jean,Shippam,jshippamll@auda.org.au,Male,Hawassa,Ethiopia,Financial Advisor
779,Ethelind,Grzegorecki,egrzegoreckilm@vistaprint.com,Female,Carrizal,Venezuela,Operator
780,Maryrose,Yurchishin,myurchishinln@sakura.ne.jp,Female,San Enrique,Philippines,Administrative Assistant II
781,Ferris,Heasly,fheaslylo@tiny.cc,Male,Charlotte,United States,Senior Sales Associate
782,Sileas,Nelm,snelmlp@behance.net,Female,Cikawunggading,Indonesia,Nurse
783,Clayborne,Deval,cdevallq@bing.com,Female,Pomiechówek,Poland,VP Marketing
784,Modestia,Dean,mdeanlr@newsvine.com,Female,Sawo,Indonesia,Data Coordiator
785,Standford,Parmeter,sparmeterls@twitpic.com,Male,Magetlegar,Indonesia,Technical Writer
786,Zaria,Speller,zspellerlt@ihg.com,Male,Stamáta,Greece,Senior Cost Accountant
787,Rem,Tollemache,rtollemachelu@nba.com,Male,Gjirokastër,Albania,Professor
788,Clay,Matteoni,cmatteonilv@hibu.com,Female,Kario,Pakistan,Product Engineer
789,Norry,Hourigan,nhouriganlw@salon.com,Female,Chitral,Pakistan,Product Engineer
790,Velma,Luckie,vluckielx@omniture.com,Female,Lenart v Slov. Goricah,Slovenia,Administrative Assistant I
791,Milo,Labern,mlabernly@ustream.tv,Male,Kazinka,Russia,Senior Cost Accountant
792,Tiler,Stormouth,tstormouthlz@github.com,Female,Balma,France,VP Marketing
793,Nananne,O'Shavlan,noshavlanm0@bbb.org,Female,Pagsabangan,Philippines,Tax Accountant
794,Beth,Abramcik,babramcikm1@tripadvisor.com,Male,Yuelai,China,VP Marketing
795,Letizia,Clausewitz,lclausewitzm2@bloglines.com,Female,Kutapanjang,Indonesia,Legal Assistant
796,Gabrila,Tapp,gtappm3@vinaora.com,Female,Morje,Slovenia,Software Consultant
797,Franni,Nowick,fnowickm4@histats.com,Female,Wonosobo,Indonesia,Senior Quality Engineer
798,Waylan,Gives,wgivesm5@mtv.com,Male,Putrajawa,Indonesia,Senior Quality Engineer
799,Florian,Marder,fmarderm6@about.me,Female,Kaniv,Ukraine,Occupational Therapist
800,Fenelia,O'Regan,foreganm7@t.co,Female,Bernardo Larroudé,Argentina,Associate Professor
801,Eugenius,Stelli,estellim8@irs.gov,Female,Sydney,Australia,Payment Adjustment Coordinator
802,Camala,Dibbin,cdibbinm9@networksolutions.com,Male,Lanxi,China,Operator
803,Barnebas,Landis,blandisma@wikia.com,Female,Murmino,Russia,Assistant Media Planner
804,Papageno,Cavie,pcaviemb@sphinn.com,Male,Kandava,Latvia,Speech Pathologist
805,Pierce,McKay,pmckaymc@wired.com,Female,Kokkónion,Greece,Senior Financial Analyst
806,Emmet,Birkby,ebirkbymd@fotki.com,Male,Nandu,China,Office Assistant I
807,Nolan,Broughton,nbroughtonme@tamu.edu,Male,Zhetang,China,Teacher
808,Roanne,Freddi,rfreddimf@state.tx.us,Male,Pul-e Khumrī,Afghanistan,Nurse Practicioner
809,Mair,Witchell,mwitchellmg@studiopress.com,Male,Štitar,Serbia,Quality Engineer
810,Myles,Lochrie,mlochriemh@myspace.com,Male,Valença,Brazil,Community Outreach Specialist
811,Ettie,Petrasso,epetrassomi@webnode.com,Male,Chahe,China,Account Coordinator
812,Salvador,McGrann,smcgrannmj@nydailynews.com,Male,Coronel,Chile,Junior Executive
813,Leighton,Kubczak,lkubczakmk@huffingtonpost.com,Male,Belos Ares,Portugal,Professor
814,Diana,Devonald,ddevonaldml@g.co,Male,Nangger,Indonesia,Software Test Engineer II
815,Brook,Waggitt,bwaggittmm@sohu.com,Female,Los Mangos,Mexico,Operator
816,Rachael,Tilley,rtilleymn@topsy.com,Female,Toledo,United States,Operator
817,Lotti,Beesley,lbeesleymo@pcworld.com,Female,Slovenska Bistrica,Slovenia,Speech Pathologist
818,Sean,Spurnier,sspurniermp@reuters.com,Male,Azara,Argentina,Community Outreach Specialist
819,Wain,MacEntee,wmacenteemq@apache.org,Female,La Courneuve,France,Health Coach III
820,Drusi,Ruddom,druddommr@furl.net,Female,Ipoh,Malaysia,Senior Editor
821,Lefty,Klugel,lklugelms@vk.com,Female,Jarry,Guadeloupe,Environmental Tech
822,Trix,Woodrup,twoodrupmt@goodreads.com,Male,Yabēlo,Ethiopia,Nuclear Power Engineer
823,Rodolph,Frosdick,rfrosdickmu@taobao.com,Male,Mashui,China,Dental Hygienist
824,Krystyna,Brymner,kbrymnermv@ustream.tv,Female,Kutamangu,Indonesia,Structural Engineer
825,Marchall,Linfoot,mlinfootmw@mail.ru,Female,Ponte,Portugal,Human Resources Manager
826,Ninetta,Rauprich,nrauprichmx@squarespace.com,Female,Kabuynan,Philippines,Recruiter
827,Leicester,Pettersen,lpettersenmy@myspace.com,Female,Margos,Philippines,Account Coordinator
828,Rosana,Quinane,rquinanemz@cbsnews.com,Male,Lipovljani,Croatia,Geological Engineer
829,Rockey,Moehle,rmoehlen0@businesswire.com,Female,Wangchuanchang,China,Senior Cost Accountant
830,Briney,Pargent,bpargentn1@bing.com,Female,Zhongnan,China,Help Desk Technician
831,Shoshana,Blitzer,sblitzern2@smugmug.com,Male,Jiaoyuan,China,Nurse
832,Sonnie,Northidge,snorthidgen3@deliciousdays.com,Male,Angers,France,Programmer Analyst I
833,Edyth,Malenoir,emalenoirn4@salon.com,Female,Pallasovka,Russia,VP Accounting
834,Ives,Aubrun,iaubrunn5@infoseek.co.jp,Female,Owen Sound,Canada,Biostatistician II
835,Obie,Wardle,owardlen6@time.com,Female,Qianshan,China,Automation Specialist I
836,Thurstan,McGraith,tmcgraithn7@goo.gl,Female,Velyka Bahachka,Ukraine,VP Accounting
837,Bambie,Menhci,bmenhcin8@oracle.com,Male,Conceição da Feira,Brazil,Civil Engineer
838,Kristo,Smithson,ksmithsonn9@europa.eu,Male,Nanxing,China,Media Manager III
839,Lesly,Verner,lvernerna@nytimes.com,Female,Lianran,China,Research Assistant III
840,Gavra,Chugg,gchuggnb@cargocollective.com,Male,Volodarsk,Russia,Biostatistician IV
841,Reta,Hebblewhite,rhebblewhitenc@virginia.edu,Female,Amphoe Sikhiu,Thailand,Quality Engineer
842,Diena,Cullrford,dcullrfordnd@bigcartel.com,Female,Peremyshl’,Russia,Database Administrator II
843,Granger,Chapelhow,gchapelhowne@salon.com,Female,Bachaquero,Venezuela,Human Resources Manager
844,Pall,Sloan,psloannf@soup.io,Male,Kunjāh,Pakistan,Structural Analysis Engineer
845,Phillipe,Noore,pnooreng@mlb.com,Male,Kudang,Indonesia,Senior Developer
846,Deena,Thowes,dthowesnh@reddit.com,Female,Leopoldina,Brazil,Sales Associate
847,Meghan,Devlin,mdevlinni@1688.com,Male,Maria Cristina,Philippines,Recruiting Manager
848,Tara,Flode,tflodenj@paginegialle.it,Male,Novokhovrino,Russia,Compensation Analyst
849,Esmaria,Fawssett,efawssettnk@skype.com,Male,Katrineholm,Sweden,VP Sales
850,Joete,Draye,jdrayenl@rediff.com,Male,Santa Luzia,Portugal,Developer III
851,Randa,Burgess,rburgessnm@tripadvisor.com,Male,Darungan,Indonesia,Assistant Professor
852,Adrian,Dunster,adunsternn@merriam-webster.com,Male,Bay Roberts,Canada,Geologist I
853,Vinnie,Lickess,vlickessno@usa.gov,Male,Dongtian,China,Electrical Engineer
854,Jonis,Vicary,jvicarynp@unesco.org,Female,Taldyqorghan,Kazakhstan,Research Associate
855,Isiahi,Bontine,ibontinenq@ox.ac.uk,Male,Hengdaohezi,China,Senior Sales Associate
856,Claire,Parkisson,cparkissonnr@cbc.ca,Male,New Orleans,United States,General Manager
857,Amerigo,Thorns,athornsns@psu.edu,Male,Kashmor,Pakistan,Financial Advisor
858,Johanna,Fulle,jfullent@senate.gov,Female,Baucau,East Timor,Assistant Manager
859,Dom,Harburtson,dharburtsonnu@usa.gov,Male,Bronx,United States,Computer Systems Analyst IV
860,Silvano,Leaf,sleafnv@si.edu,Male,Bendosari,Indonesia,Compensation Analyst
861,Layton,Spadelli,lspadellinw@comsenz.com,Female,Il’ichëvo,Russia,Web Designer IV
862,Tate,Meddemmen,tmeddemmennx@ezinearticles.com,Male,Sanjwāl,Pakistan,Structural Engineer
863,Jarid,Altamirano,jaltamiranony@bloglines.com,Male,Bukovec,Czech Republic,Desktop Support Technician
864,Tan,Covely,tcovelynz@go.com,Female,Nakamura,Japan,Account Representative II
865,Rand,Garnett,rgarnetto0@webeden.co.uk,Male,Cayenne,French Guiana,Dental Hygienist
866,Janene,Olivey,joliveyo1@blogspot.com,Male,Manchester,United Kingdom,VP Sales
867,Editha,Zaczek,ezaczeko2@tumblr.com,Female,Banjar Kawan,Indonesia,Geologist III
868,Nevil,Hessel,nhesselo3@businessinsider.com,Male,Riberalta,Bolivia,Compensation Analyst
869,Ddene,Jurges,djurgeso4@loc.gov,Male,Betulia,Colombia,Internal Auditor
870,Wallas,Arnaut,warnauto5@state.tx.us,Male,Rantaupanjangkiri,Indonesia,Professor
871,Pyotr,Winson,pwinsono6@bbb.org,Male,Bergen,Norway,General Manager
872,Vivyan,Mangham,vmanghamo7@moonfruit.com,Female,Могила,Macedonia,Civil Engineer
873,Hilly,Aery,haeryo8@blogtalkradio.com,Male,Tripoli,Lebanon,Information Systems Manager
874,Artus,Bechley,abechleyo9@archive.org,Female,Estoi,Portugal,Health Coach II
875,Rolf,Huckell,rhuckelloa@ask.com,Female,Saint-Julien-en-Genevois,France,Recruiter
876,Dolley,Stanney,dstanneyob@baidu.com,Female,Velyka Bilozerka,Ukraine,Administrative Officer
877,Maegan,Farnorth,mfarnorthoc@sakura.ne.jp,Female,Surulangun Rawas,Indonesia,Quality Engineer
878,Rosetta,Edling,redlingod@paginegialle.it,Male,Tembau,Indonesia,Actuary
879,Johny,Dalla,jdallaoe@merriam-webster.com,Male,Ratchasan,Thailand,Senior Sales Associate
880,Rayner,Okker,rokkerof@prweb.com,Female,Kilju,North Korea,Geologist IV
881,Tommy,Capps,tcappsog@dailymail.co.uk,Male,Liwan,Philippines,GIS Technical Architect
882,Esme,Jerg,ejergoh@ifeng.com,Male,Baoxu,China,Food Chemist
883,Leticia,Lovering,lloveringoi@tmall.com,Female,Rondonópolis,Brazil,Assistant Media Planner
884,Gaylene,Farrin,gfarrinoj@redcross.org,Male,Fulu,China,Desktop Support Technician
885,Ozzy,Harbron,oharbronok@soup.io,Male,Sungsang,Indonesia,VP Sales
886,Jacquenette,Lory,jloryol@un.org,Female,Ransang,Philippines,Senior Developer
887,Jania,Stribling,jstriblingom@netscape.com,Female,Kotikawatta,Sri Lanka,Systems Administrator I
888,Penny,McLellan,pmclellanon@jiathis.com,Female,Kontiolahti,Finland,Office Assistant III
889,Lennie,Gorwood,lgorwoodoo@illinois.edu,Female,Zwierzyniec,Poland,VP Quality Control
890,Kelci,Spellward,kspellwardop@wix.com,Female,Suci Kaler,Indonesia,VP Marketing
891,Timmie,McGraffin,tmcgraffinoq@seesaa.net,Male,Koźle,Poland,Web Designer II
892,Shaine,Kamenar,skamenaror@live.com,Male,Ajung,Indonesia,Programmer II
893,Jamie,Stockney,jstockneyos@hostgator.com,Female,Pinagsibaan,Philippines,GIS Technical Architect
894,Hakeem,Bevar,hbevarot@oracle.com,Female,Gelatik,Indonesia,Associate Professor
895,Mora,Cufley,mcufleyou@umich.edu,Female,Eindhoven,Netherlands,VP Quality Control
896,Erek,Marques,emarquesov@independent.co.uk,Male,Zarqa,Jordan,Statistician II
897,Nady,Barnaclough,nbarnacloughow@ow.ly,Female,Anabar,Nauru,Financial Advisor
898,Ozzie,Fuentez,ofuentezox@reference.com,Female,Totolan,Philippines,Data Coordiator
899,Welbie,Thomtson,wthomtsonoy@about.me,Female,Lolak,Indonesia,Financial Analyst
900,Ichabod,Martschik,imartschikoz@soundcloud.com,Female,Ciudad Bolívar,Venezuela,Quality Engineer
901,Alison,Elesander,aelesanderp0@marriott.com,Female,La Mesa,Colombia,Software Engineer II
902,Tomas,Flieger,tfliegerp1@aol.com,Female,Orikhiv,Ukraine,Safety Technician I
903,Yvonne,Fridlington,yfridlingtonp2@icio.us,Male,Montevista,Philippines,Administrative Assistant II
904,Berkly,Sprasen,bsprasenp3@ycombinator.com,Male,Dianzi,China,Computer Systems Analyst III
905,Odele,Matches,omatchesp4@nytimes.com,Female,Bafatá,Guinea-Bissau,Junior Executive
906,Gardiner,Hanhardt,ghanhardtp5@xrea.com,Male,Pop,Uzbekistan,Assistant Manager
907,Shelley,Caudell,scaudellp6@forbes.com,Female,Yurovka,Russia,Mechanical Systems Engineer
908,Brandise,Sheavills,bsheavillsp7@ask.com,Female,Dongtai,China,Director of Sales
909,Winfred,Twydell,wtwydellp8@nasa.gov,Female,Baharly,Turkmenistan,Sales Representative
910,Coleman,Orridge,corridgep9@buzzfeed.com,Male,Kutum,Sudan,Sales Representative
911,Lilla,Redsall,lredsallpa@google.ru,Male,Kissidougou,Guinea,Professor
912,Daryl,Giraldez,dgiraldezpb@mashable.com,Male,Tyler,United States,Recruiter
913,Cordell,Dillingstone,cdillingstonepc@vk.com,Female,Mekele,Ethiopia,Nurse
914,Spencer,Pernell,spernellpd@alexa.com,Female,Sarrat,Philippines,Nurse Practicioner
915,Marillin,Gouck,mgouckpe@mapquest.com,Male,Sędziszów,Poland,Editor
916,Marcos,Bangle,mbanglepf@soundcloud.com,Female,Cruz,Portugal,Operator
917,Rob,Orme,rormepg@phpbb.com,Male,Marbel,Philippines,Software Test Engineer II
918,Flory,Holdey,fholdeyph@wikimedia.org,Female,Quixeramobim,Brazil,Software Consultant
919,Lenette,Kilbee,lkilbeepi@oracle.com,Male,Bigaan,Philippines,Chief Design Engineer
920,Reiko,Drabble,rdrabblepj@dell.com,Male,Solec-Zdrój,Poland,Quality Control Specialist
921,Marilee,Manicom,mmanicompk@usa.gov,Female,Nyūzen,Japan,Editor
922,Dulci,Aspall,daspallpl@blog.com,Male,Presidente Epitácio,Brazil,Technical Writer
923,Dickie,Scriven,dscrivenpm@bravesites.com,Male,Alacaygan,Philippines,Staff Scientist
924,Winona,Kubicka,wkubickapn@wp.com,Female,Santa Cruz das Flores,Portugal,Electrical Engineer
925,Ward,Kaesmakers,wkaesmakerspo@rakuten.co.jp,Male,Wuyanquan,China,Mechanical Systems Engineer
926,Ardenia,Popescu,apopescupp@hhs.gov,Male,Zhishan,China,Pharmacist
927,Scarlet,Harmar,sharmarpq@1688.com,Male,Hankha,Thailand,Marketing Assistant
928,Andreas,Salmoni,asalmonipr@google.cn,Female,Maisons-Laffitte,France,Programmer III
929,Wilfred,Fridd,wfriddps@jimdo.com,Female,Rumburk,Czech Republic,Marketing Assistant
930,Ephrem,Kilmurray,ekilmurraypt@usda.gov,Female,Zhangfang,China,Pharmacist
931,Berne,Braga,bbragapu@phoca.cz,Female,Voskresensk,Russia,Graphic Designer
932,Fancie,Piell,fpiellpv@cornell.edu,Male,Cinunjang,Indonesia,Registered Nurse
933,Duff,Gorrissen,dgorrissenpw@usatoday.com,Male,Poções,Brazil,Compensation Analyst
934,Barris,Staten,bstatenpx@hud.gov,Female,San Francisco,United States,Account Representative I
935,Perry,Schimoni,pschimonipy@shinystat.com,Male,Ulset,Norway,Editor
936,Rosaleen,Hein,rheinpz@webeden.co.uk,Male,Toguchin,Russia,Account Coordinator
937,Teodoro,Bergstrand,tbergstrandq0@indiegogo.com,Male,Pomahan,Indonesia,Desktop Support Technician
938,Corbett,Vettore,cvettoreq1@linkedin.com,Male,Na Kae,Thailand,Software Engineer I
939,Antonio,Haill,ahaillq2@alexa.com,Male,Jaboatão,Brazil,Quality Engineer
940,Alleen,Mourge,amourgeq3@amazon.com,Female,Babantar,Indonesia,VP Marketing
941,Meaghan,Greeveson,mgreevesonq4@usgs.gov,Female,San Felipe,Chile,Project Manager
942,Allard,O'Dunniom,aodunniomq5@pinterest.com,Male,Asnières-sur-Seine,France,Biostatistician IV
943,Constantina,Nisco,cniscoq6@digg.com,Female,Karangmangu,Indonesia,Human Resources Assistant III
944,Ludovika,McCorrie,lmccorrieq7@github.io,Male,Danan,China,Senior Developer
945,Philip,Ovett,povettq8@google.es,Male,Marantao,Philippines,Pharmacist
946,Viviyan,Bennetto,vbennettoq9@marriott.com,Female,Misasi,Tanzania,Legal Assistant
947,Dominique,Uvedale,duvedaleqa@woothemes.com,Male,São Torcato,Portugal,Administrative Officer
948,Chrysler,Blakeden,cblakedenqb@flavors.me,Male,Jiaxian Chengguanzhen,China,Quality Control Specialist
949,Ayn,Gregson,agregsonqc@nba.com,Female,Uppsala,Sweden,Automation Specialist I
950,Frazer,Soares,fsoaresqd@dion.ne.jp,Male,São Brás de Alportel,Portugal,Mechanical Systems Engineer
951,Kinna,Delacroix,kdelacroixqe@pbs.org,Female,Calde,Portugal,Registered Nurse
952,Tito,Scarasbrick,tscarasbrickqf@vistaprint.com,Male,Umanday Centro,Philippines,Environmental Tech
953,Seymour,Dressell,sdressellqg@psu.edu,Male,Cikandang,Indonesia,Junior Executive
954,Filmer,Sambell,fsambellqh@so-net.ne.jp,Female,Julita,Philippines,Automation Specialist I
955,Myriam,Okenden,mokendenqi@goo.gl,Male,Niort,France,Physical Therapy Assistant
956,Idelle,Jancso,ijancsoqj@salon.com,Male,Al Ḩashwah,Yemen,Programmer Analyst I
957,Etan,Waiton,ewaitonqk@hao123.com,Female,Maralik,Armenia,Automation Specialist IV
958,Sasha,Lowder,slowderql@latimes.com,Male,Zblewo,Poland,Quality Control Specialist
959,Chloe,Cromack,ccromackqm@squidoo.com,Female,Tumcon Ilawod,Philippines,Web Developer II
960,Rosy,McWaters,rmcwatersqn@bbb.org,Female,Pokhvistnevo,Russia,Geologist III
961,Zenia,Blyth,zblythqo@php.net,Male,Fengshan,China,Occupational Therapist
962,Elise,Essery,eesseryqp@tiny.cc,Female,Huajie,China,Staff Scientist
963,Rosalind,Deboy,rdeboyqq@cocolog-nifty.com,Female,Gardanne,France,Human Resources Assistant I
964,Giovanna,Bourke,gbourkeqr@examiner.com,Male,Hongkeli,China,Nuclear Power Engineer
965,Eldridge,Lembcke,elembckeqs@163.com,Male,Tandayag,Philippines,Web Designer III
966,Faye,Geroldini,fgeroldiniqt@symantec.com,Male,Qalyūb,Egypt,Accountant IV
967,Fabio,Gurney,fgurneyqu@constantcontact.com,Male,Skore,Albania,Engineer IV
968,Karlotta,Shury,kshuryqv@toplist.cz,Female,Al Ain,United Arab Emirates,VP Marketing
969,Cal,Dowling,cdowlingqw@google.co.uk,Male,Salerno,Italy,Paralegal
970,Irwin,Pude,ipudeqx@discuz.net,Male,Vera Cruz,Portugal,Help Desk Operator
971,Fairlie,Kynoch,fkynochqy@drupal.org,Female,Luka nad Jihlavou,Czech Republic,Health Coach II
972,Dorelia,Swan,dswanqz@house.gov,Male,Kadubadak,Indonesia,Biostatistician IV
973,Jennette,Lancley,jlancleyr0@angelfire.com,Male,Zagora,Morocco,Operator
974,Arlinda,Huston,ahustonr1@scribd.com,Male,Xingang,China,Internal Auditor
975,Barnie,Duddy,bduddyr2@google.com,Male,Jintian,China,VP Accounting
976,Carlie,McCurtin,cmccurtinr3@soundcloud.com,Female,Tulung,Indonesia,Internal Auditor
977,Jilleen,Price,jpricer4@purevolume.com,Male,Aguas Verdes,Peru,Cost Accountant
978,Gabbey,Powter,gpowterr5@cyberchimps.com,Male,Fuxin,China,Clinical Specialist
979,Durante,Corter,dcorterr6@pinterest.com,Female,Laagri,Estonia,Marketing Assistant
980,Elladine,Brilleman,ebrillemanr7@yale.edu,Male,Bojawa,Indonesia,Engineer IV
981,Conan,Wolford,cwolfordr8@deliciousdays.com,Male,Yermolino,Russia,Software Engineer II
982,Dredi,Beckworth,dbeckworthr9@cnn.com,Male,Strömsund,Sweden,Geological Engineer
983,Haley,Farrall,hfarrallra@aboutads.info,Male,Sidirókastro,Greece,Media Manager III
984,Dante,Dawkes,ddawkesrb@china.com.cn,Male,Lambayong,Philippines,Librarian
985,Nicolle,Broyd,nbroydrc@state.tx.us,Male,Hadayang,China,Help Desk Operator
986,Arline,Feldklein,afeldkleinrd@webmd.com,Male,Bei’an,China,Associate Professor
987,Thalia,Van Dalen,tvandalenre@clickbank.net,Female,"Villa Presidente Frei, Ñuñoa, Santiago, Chile",Chile,Junior Executive
988,Electra,Reckless,erecklessrf@va.gov,Male,Talca,Chile,Civil Engineer
989,Kerrie,Whitman,kwhitmanrg@cocolog-nifty.com,Male,Karangasem,Indonesia,Software Consultant
990,Dollie,Annon,dannonrh@ted.com,Female,Carapicuíba,Brazil,Developer II
991,Estrellita,Cavell,ecavellri@dailymail.co.uk,Female,Naḩḩālīn,Palestinian Territory,Community Outreach Specialist
992,Sutherlan,Chastelain,schastelainrj@cargocollective.com,Male,Zhishan,China,Dental Hygienist
993,Rocky,Jouanet,rjouanetrk@wired.com,Male,Rongkou,China,Web Designer IV
994,Olenolin,Giamo,ogiamorl@miitbeian.gov.cn,Male,Kawęczyn,Poland,Project Manager
995,Maximilian,Slark,mslarkrm@army.mil,Female,Babakan,Indonesia,Senior Developer
996,Cross,Kenninghan,ckenninghanrn@sohu.com,Male,Himaya,Philippines,General Manager
997,Blair,Ashelford,bashelfordro@hubpages.com,Female,Zahvizdya,Ukraine,Cost Accountant
998,Maxi,Boutellier,mboutellierrp@sciencedirect.com,Female,Metković,Croatia,Structural Engineer
999,Abrahan,Millis,amillisrq@goodreads.com,Female,Yonezawa,Japan,Senior Developer
1000,Nichole,Brand-Hardy,nbrandhardyrr@newyorker.com,Female,Guzhuyingzi,China,Civil Engineer
